userId,rating_count
51,20
129,20
170,20
182,20
200,20
241,20
274,20
283,20
289,20
291,20
298,20
349,20
353,20
365,20
383,20
393,20
415,20
452,20
467,20
470,20
524,20
555,20
586,20
602,20
753,20
758,20
776,20
809,20
816,20
852,20
869,20
937,20
991,20
998,20
1003,20
1027,20
1063,20
1077,20
1104,20
1110,20
1113,20
1225,20
1251,20
1267,20
1302,20
1420,20
1445,20
1450,20
1517,20
1656,20
1670,20
1690,20
1700,20
1703,20
1715,20
1784,20
1810,20
1818,20
1821,20
1834,20
1841,20
1898,20
1912,20
1933,20
1969,20
2024,20
2027,20
2037,20
2070,20
2072,20
2078,20
2110,20
2118,20
2182,20
2239,20
2304,20
2328,20
2361,20
2467,20
2471,20
2475,20
2477,20
2491,20
2520,20
2530,20
2572,20
2603,20
2611,20
2633,20
2635,20
2698,20
2712,20
2732,20
2736,20
2823,20
2863,20
2983,20
3008,20
3017,20
3045,20
3060,20
3077,20
3091,20
3106,20
3197,20
3220,20
3254,20
3292,20
3305,20
3325,20
3333,20
3398,20
3570,20
3589,20
3599,20
3614,20
3639,20
3642,20
3646,20
3676,20
3724,20
3816,20
3893,20
3931,20
3947,20
3995,20
4000,20
4101,20
4131,20
4143,20
4236,20
4249,20
4265,20
4309,20
4357,20
4378,20
4462,20
4612,20
4621,20
4655,20
4665,20
4667,20
4766,20
4779,20
4855,20
4870,20
4874,20
4875,20
4877,20
4879,20
4880,20
4889,20
4895,20
4917,20
4995,20
5048,20
5050,20
5076,20
5086,20
5096,20
5155,20
5162,20
5223,20
5261,20
5315,20
5325,20
5363,20
5386,20
5457,20
5512,20
5538,20
5539,20
5561,20
5564,20
5584,20
5586,20
5598,20
5609,20
5649,20
5718,20
5720,20
5732,20
5733,20
5773,20
5825,20
5868,20
5869,20
5876,20
5888,20
5923,20
5998,20
6054,20
6056,20
6057,20
6080,20
6105,20
6112,20
6144,20
6194,20
6231,20
6265,20
6269,20
6282,20
6298,20
6340,20
6402,20
6442,20
6561,20
6611,20
6788,20
6791,20
6802,20
6823,20
6835,20
6865,20
6872,20
6899,20
6941,20
6947,20
6971,20
7078,20
7087,20
7115,20
7159,20
7204,20
7209,20
7234,20
7254,20
7307,20
7325,20
7331,20
7425,20
7429,20
7436,20
7516,20
7562,20
7572,20
7610,20
7694,20
7730,20
7837,20
7862,20
7882,20
7894,20
7900,20
7936,20
8038,20
8101,20
8118,20
8126,20
8193,20
8197,20
8203,20
8246,20
8290,20
8359,20
8362,20
8389,20
8418,20
8448,20
8513,20
8562,20
8563,20
8613,20
8626,20
8658,20
8731,20
8740,20
8772,20
8778,20
8853,20
8862,20
8891,20
8909,20
8928,20
8943,20
9005,20
9007,20
9025,20
9032,20
9038,20
9054,20
9088,20
9152,20
9262,20
9275,20
9302,20
9310,20
9419,20
9425,20
9441,20
9447,20
9490,20
9495,20
9523,20
9550,20
9555,20
9589,20
9599,20
9661,20
9702,20
9793,20
9795,20
9859,20
9864,20
9884,20
9907,20
9918,20
9920,20
9929,20
9973,20
9990,20
10021,20
88,21
140,21
173,21
194,21
346,21
363,21
463,21
492,21
603,21
629,21
728,21
782,21
820,21
921,21
941,21
1029,21
1054,21
1073,21
1306,21
1310,21
1341,21
1375,21
1410,21
1434,21
1435,21
1462,21
1514,21
1601,21
1753,21
1789,21
1794,21
1797,21
1808,21
1853,21
1882,21
2000,21
2094,21
2252,21
2279,21
2283,21
2288,21
2293,21
2327,21
2329,21
2372,21
2386,21
2407,21
2423,21
2432,21
2439,21
2487,21
2538,21
2675,21
2689,21
2693,21
2696,21
2708,21
2742,21
2792,21
2891,21
2899,21
2906,21
2943,21
3094,21
3183,21
3195,21
3205,21
3245,21
3301,21
3533,21
3615,21
3681,21
3836,21
3881,21
3885,21
4025,21
4033,21
4065,21
4168,21
4170,21
4188,21
4189,21
4192,21
4226,21
4258,21
4302,21
4449,21
4491,21
4504,21
4583,21
4622,21
4643,21
4690,21
4725,21
4743,21
4903,21
4960,21
4980,21
5005,21
5054,21
5092,21
5130,21
5160,21
5212,21
5286,21
5333,21
5414,21
5430,21
5439,21
5579,21
5626,21
5632,21
5650,21
5668,21
5677,21
5697,21
5821,21
5851,21
5892,21
5908,21
5954,21
5963,21
6071,21
6129,21
6322,21
6341,21
6433,21
6449,21
6547,21
6552,21
6614,21
6632,21
6692,21
6708,21
6720,21
6734,21
6792,21
6850,21
6912,21
6925,21
6943,21
6951,21
7072,21
7198,21
7238,21
7313,21
7315,21
7402,21
7413,21
7564,21
7640,21
7649,21
7703,21
7780,21
7816,21
7872,21
7885,21
7898,21
7907,21
8006,21
8235,21
8245,21
8412,21
8465,21
8507,21
8518,21
8541,21
8634,21
8667,21
8713,21
8727,21
8749,21
8758,21
8808,21
8844,21
9058,21
9127,21
9175,21
9191,21
9202,21
9208,21
9306,21
9387,21
9433,21
9542,21
9618,21
9636,21
9720,21
9794,21
9814,21
9924,21
9965,21
9989,21
10004,21
22,22
42,22
74,22
79,22
250,22
330,22
457,22
500,22
505,22
553,22
574,22
643,22
667,22
678,22
683,22
733,22
811,22
850,22
884,22
885,22
929,22
945,22
971,22
989,22
1002,22
1047,22
1084,22
1098,22
1100,22
1206,22
1248,22
1257,22
1285,22
1388,22
1394,22
1403,22
1406,22
1455,22
1500,22
1534,22
1580,22
1664,22
1705,22
1768,22
1826,22
1878,22
1952,22
2041,22
2149,22
2296,22
2303,22
2394,22
2542,22
2553,22
2566,22
2613,22
2621,22
2654,22
2655,22
2670,22
2697,22
2722,22
2729,22
2753,22
2824,22
2880,22
2893,22
2907,22
2940,22
3031,22
3037,22
3068,22
3117,22
3119,22
3156,22
3203,22
3249,22
3261,22
3294,22
3377,22
3658,22
3744,22
3764,22
3769,22
3839,22
3878,22
3896,22
3907,22
3936,22
4012,22
4095,22
4232,22
4247,22
4306,22
4431,22
4435,22
4553,22
4702,22
4704,22
4739,22
4747,22
4834,22
4853,22
4856,22
4925,22
4947,22
4977,22
4978,22
5006,22
5025,22
5035,22
5039,22
5065,22
5102,22
5110,22
5220,22
5277,22
5310,22
5433,22
5461,22
5585,22
5665,22
5701,22
5721,22
5747,22
6059,22
6107,22
6136,22
6161,22
6227,22
6232,22
6329,22
6383,22
6413,22
6450,22
6540,22
6541,22
6616,22
6625,22
6645,22
6691,22
6696,22
6767,22
6806,22
6830,22
6887,22
6900,22
7019,22
7021,22
7098,22
7119,22
7154,22
7275,22
7349,22
7407,22
7423,22
7626,22
7631,22
7679,22
7750,22
8031,22
8067,22
8119,22
8140,22
8340,22
8374,22
8439,22
8514,22
8558,22
8583,22
8638,22
8708,22
8834,22
8922,22
8971,22
8983,22
9002,22
9091,22
9139,22
9327,22
9383,22
9467,22
9531,22
9603,22
9637,22
9674,22
9736,22
9746,22
9756,22
9771,22
9784,22
9803,22
9832,22
9860,22
9889,22
9975,22
9988,22
33,23
81,23
111,23
299,23
448,23
476,23
589,23
878,23
946,23
950,23
970,23
1035,23
1045,23
1102,23
1135,23
1144,23
1216,23
1615,23
1635,23
1730,23
1739,23
1771,23
1856,23
2029,23
2051,23
2081,23
2159,23
2302,23
2305,23
2384,23
2506,23
2521,23
2575,23
2586,23
2628,23
2684,23
2757,23
2758,23
2919,23
2942,23
2998,23
3084,23
3096,23
3153,23
3163,23
3200,23
3219,23
3330,23
3331,23
3334,23
3359,23
3384,23
3422,23
3439,23
3452,23
3496,23
3572,23
3575,23
3576,23
3590,23
3651,23
3732,23
3820,23
4007,23
4086,23
4111,23
4333,23
4390,23
4403,23
4455,23
4578,23
4662,23
4686,23
4706,23
4731,23
4789,23
4836,23
4906,23
4954,23
4967,23
4971,23
5009,23
5265,23
5280,23
5356,23
5453,23
5500,23
5555,23
5559,23
5612,23
5614,23
5618,23
5675,23
5702,23
5748,23
5930,23
6007,23
6032,23
6155,23
6160,23
6222,23
6288,23
6308,23
6323,23
6347,23
6350,23
6355,23
6454,23
6741,23
6883,23
7009,23
7064,23
7091,23
7190,23
7252,23
7311,23
7312,23
7390,23
7452,23
7459,23
7468,23
7482,23
7486,23
7508,23
7549,23
7601,23
7632,23
7726,23
7765,23
7873,23
7911,23
7960,23
8099,23
8247,23
8266,23
8279,23
8314,23
8342,23
8386,23
8404,23
8425,23
8438,23
8444,23
8493,23
8508,23
8551,23
8659,23
8813,23
8823,23
8936,23
9004,23
9048,23
9066,23
9117,23
9192,23
9218,23
9259,23
9394,23
9410,23
9559,23
9763,23
9931,23
11,24
16,24
232,24
269,24
286,24
311,24
340,24
438,24
573,24
684,24
759,24
778,24
784,24
796,24
838,24
867,24
890,24
914,24
940,24
1266,24
1389,24
1457,24
1542,24
1565,24
1568,24
1634,24
1713,24
1742,24
1802,24
1804,24
1809,24
1884,24
1895,24
1937,24
2043,24
2055,24
2059,24
2120,24
2170,24
2205,24
2286,24
2366,24
2417,24
2433,24
2541,24
2551,24
2612,24
2800,24
2912,24
2927,24
2964,24
3000,24
3076,24
3158,24
3193,24
3209,24
3233,24
3338,24
3401,24
3406,24
3478,24
3491,24
3521,24
3709,24
3761,24
4137,24
4151,24
4157,24
4263,24
4264,24
4266,24
4315,24
4484,24
4514,24
4531,24
4652,24
4714,24
4720,24
4788,24
4800,24
4939,24
5029,24
5075,24
5111,24
5154,24
5156,24
5175,24
5185,24
5186,24
5210,24
5344,24
5355,24
5459,24
5484,24
5502,24
5552,24
5571,24
5648,24
5765,24
5789,24
5791,24
5918,24
5920,24
5924,24
5934,24
5949,24
5977,24
6034,24
6078,24
6166,24
6259,24
6411,24
6415,24
6421,24
6459,24
6488,24
6617,24
6725,24
6798,24
6863,24
6864,24
7020,24
7043,24
7055,24
7125,24
7205,24
7326,24
7392,24
7398,24
7415,24
7484,24
7523,24
7612,24
7767,24
7781,24
7817,24
7829,24
7908,24
7984,24
7990,24
7997,24
8201,24
8238,24
8306,24
8381,24
8393,24
8424,24
8450,24
8464,24
8548,24
8630,24
8691,24
9014,24
9176,24
9272,24
9312,24
9472,24
9547,24
9606,24
9846,24
9882,24
9887,24
9912,24
10001,24
7,25
24,25
48,25
49,25
157,25
180,25
192,25
339,25
367,25
389,25
451,25
508,25
510,25
525,25
529,25
533,25
616,25
621,25
681,25
724,25
831,25
908,25
1217,25
1236,25
1237,25
1332,25
1515,25
1658,25
1665,25
1931,25
1951,25
2011,25
2117,25
2175,25
2221,25
2227,25
2234,25
2285,25
2331,25
2338,25
2438,25
2528,25
2546,25
2547,25
2574,25
2578,25
2639,25
2737,25
2798,25
2822,25
2868,25
2877,25
2928,25
3054,25
3140,25
3149,25
3157,25
3160,25
3217,25
3328,25
3365,25
3386,25
3393,25
3402,25
3415,25
3471,25
3488,25
3529,25
3579,25
3586,25
3643,25
3762,25
4093,25
4199,25
4225,25
4318,25
4369,25
4381,25
4417,25
4485,25
4535,25
4582,25
4679,25
4684,25
4746,25
4750,25
4751,25
4791,25
4814,25
4847,25
4852,25
4876,25
4990,25
5010,25
5013,25
5171,25
5248,25
5282,25
5292,25
5574,25
5655,25
5657,25
5766,25
5832,25
5856,25
5914,25
5917,25
6045,25
6049,25
6110,25
6133,25
6159,25
6235,25
6287,25
6410,25
6458,25
6468,25
6500,25
6544,25
6556,25
6567,25
6676,25
6706,25
6717,25
6749,25
6928,25
6938,25
7092,25
7104,25
7124,25
7147,25
7164,25
7202,25
7347,25
7400,25
7421,25
7451,25
7569,25
7828,25
7832,25
7897,25
8082,25
8178,25
8195,25
8206,25
8213,25
8405,25
8411,25
8426,25
8457,25
8522,25
8534,25
8540,25
8591,25
8678,25
8704,25
8756,25
8788,25
8806,25
8829,25
8914,25
8924,25
9110,25
9203,25
9204,25
9252,25
9314,25
9351,25
9491,25
9517,25
9528,25
9545,25
9582,25
9731,25
9760,25
9798,25
9841,25
9906,25
9944,25
10015,25
6,26
191,26
205,26
384,26
637,26
651,26
662,26
742,26
814,26
874,26
990,26
1006,26
1016,26
1125,26
1181,26
1191,26
1360,26
1381,26
1531,26
1591,26
1668,26
1910,26
1999,26
2062,26
2160,26
2307,26
2382,26
2411,26
2486,26
2513,26
2548,26
2643,26
2661,26
2726,26
2815,26
2967,26
2997,26
3021,26
3082,26
3122,26
3269,26
3348,26
3420,26
3426,26
3460,26
3473,26
3674,26
3767,26
3801,26
3920,26
4066,26
4213,26
4311,26
4356,26
4363,26
4585,26
4616,26
4637,26
4905,26
5021,26
5046,26
5049,26
5179,26
5241,26
5263,26
5272,26
5330,26
5395,26
5412,26
5534,26
5563,26
5664,26
5723,26
5726,26
5797,26
5811,26
5816,26
5827,26
5895,26
5904,26
5906,26
5927,26
6041,26
6053,26
6060,26
6314,26
6319,26
6367,26
6597,26
6927,26
7005,26
7102,26
7142,26
7282,26
7292,26
7310,26
7433,26
7547,26
7548,26
7554,26
7555,26
7722,26
7732,26
7769,26
7825,26
7884,26
7925,26
7973,26
8030,26
8105,26
8134,26
8341,26
8380,26
8468,26
8478,26
8529,26
8530,26
8546,26
8631,26
8737,26
8828,26
8878,26
8886,26
8912,26
9052,26
9245,26
9265,26
9473,26
9565,26
9610,26
9632,26
9767,26
9786,26
9904,26
9916,26
9945,26
9955,26
10010,26
10025,26
53,27
54,27
310,27
380,27
425,27
473,27
593,27
604,27
664,27
1090,27
1169,27
1291,27
1393,27
1461,27
1590,27
1603,27
1622,27
1648,27
1667,27
1766,27
1786,27
1805,27
1982,27
2163,27
2209,27
2529,27
2531,27
2744,27
2749,27
2756,27
2835,27
2849,27
2869,27
2886,27
2903,27
2922,27
2945,27
2986,27
2993,27
3111,27
3130,27
3358,27
3366,27
3435,27
3451,27
3500,27
3584,27
3605,27
3673,27
3752,27
3905,27
3908,27
3979,27
4084,27
4186,27
4244,27
4285,27
4351,27
4395,27
4398,27
4404,27
4428,27
4475,27
4524,27
4550,27
4614,27
4760,27
5000,27
5287,27
5425,27
5478,27
5481,27
5486,27
5513,27
5527,27
5537,27
5639,27
5793,27
5843,27
6051,27
6141,27
6203,27
6255,27
6366,27
6371,27
6439,27
6548,27
6573,27
6628,27
6695,27
6701,27
6738,27
6952,27
7116,27
7118,27
7203,27
7233,27
7297,27
7359,27
7414,27
7467,27
7479,27
7483,27
7489,27
7517,27
7580,27
7593,27
7682,27
7711,27
7777,27
7791,27
7844,27
7965,27
7983,27
7988,27
8007,27
8012,27
8021,27
8128,27
8135,27
8221,27
8479,27
8492,27
8545,27
8549,27
8664,27
8729,27
8811,27
8985,27
8997,27
9001,27
9018,27
9045,27
9132,27
9211,27
9231,27
9239,27
9240,27
9257,27
9309,27
9335,27
9358,27
9456,27
9557,27
9572,27
9663,27
9681,27
9692,27
9815,27
9825,27
9938,27
9969,27
10020,27
83,28
293,28
327,28
356,28
372,28
377,28
582,28
614,28
638,28
668,28
881,28
949,28
1024,28
1195,28
1215,28
1270,28
1274,28
1412,28
1417,28
1545,28
1563,28
1602,28
1638,28
1793,28
1813,28
1817,28
1825,28
1863,28
1929,28
1976,28
2047,28
2133,28
2507,28
2721,28
2881,28
2980,28
3118,28
3136,28
3199,28
3241,28
3289,28
3321,28
3459,28
3470,28
3486,28
3523,28
3549,28
3581,28
3612,28
3654,28
3683,28
3784,28
3800,28
3993,28
4032,28
4117,28
4134,28
4140,28
4174,28
4184,28
4344,28
4345,28
4367,28
4503,28
4733,28
4749,28
4823,28
4842,28
4949,28
4963,28
5036,28
5041,28
5061,28
5181,28
5379,28
5636,28
5641,28
5680,28
5687,28
5719,28
6022,28
6087,28
6119,28
6234,28
6291,28
6307,28
6388,28
6417,28
6453,28
6508,28
6737,28
6783,28
6787,28
6799,28
6821,28
6882,28
6902,28
7128,28
7162,28
7367,28
7411,28
7448,28
7576,28
7753,28
7800,28
7805,28
7813,28
7842,28
7846,28
7875,28
7933,28
7944,28
8016,28
8044,28
8078,28
8097,28
8256,28
8335,28
8401,28
8498,28
8588,28
8846,28
8869,28
8899,28
8994,28
9056,28
9060,28
9121,28
9186,28
9196,28
9197,28
9225,28
9380,28
9384,28
9395,28
9552,28
9590,28
9591,28
9635,28
9780,28
9915,28
9978,28
17,29
39,29
52,29
115,29
351,29
381,29
391,29
432,29
487,29
546,29
562,29
579,29
585,29
673,29
813,29
843,29
918,29
923,29
932,29
1005,29
1120,29
1170,29
1172,29
1182,29
1193,29
1256,29
1437,29
1783,29
1874,29
1888,29
1901,29
1923,29
1939,29
1966,29
1996,29
2087,29
2109,29
2139,29
2162,29
2187,29
2267,29
2354,29
2522,29
2714,29
2839,29
2855,29
3097,29
3099,29
3104,29
3165,29
3300,29
3364,29
3378,29
3433,29
3508,29
3524,29
3618,29
3635,29
3718,29
4001,29
4014,29
4123,29
4175,29
4211,29
4298,29
4386,29
4489,29
4511,29
4525,29
4610,29
4672,29
4734,29
4878,29
4908,29
5044,29
5100,29
5112,29
5134,29
5140,29
5158,29
5161,29
5290,29
5406,29
5497,29
5752,29
5884,29
5921,29
6001,29
6070,29
6088,29
6113,29
6151,29
6260,29
6311,29
6378,29
6412,29
6457,29
6608,29
6612,29
6613,29
6634,29
6643,29
6780,29
6843,29
6853,29
6858,29
6957,29
6968,29
6974,29
7024,29
7044,29
7088,29
7170,29
7241,29
7358,29
7503,29
7567,29
7606,29
7650,29
7652,29
7822,29
7827,29
7843,29
7864,29
7924,29
7948,29
7954,29
8098,29
8100,29
8347,29
8358,29
8555,29
8578,29
8581,29
8604,29
8615,29
8640,29
8679,29
8832,29
8839,29
8854,29
8959,29
9035,29
9059,29
9064,29
9178,29
9348,29
9445,29
9446,29
9579,29
9612,29
9616,29
9630,29
9680,29
9730,29
9976,29
56,30
317,30
337,30
520,30
537,30
540,30
640,30
656,30
773,30
889,30
977,30
1057,30
1117,30
1145,30
1227,30
1364,30
1623,30
1627,30
1762,30
1897,30
2126,30
2193,30
2253,30
2326,30
2336,30
2371,30
2434,30
2474,30
2488,30
2518,30
2659,30
2666,30
2667,30
2755,30
2772,30
2840,30
2941,30
2944,30
2979,30
3043,30
3061,30
3161,30
3345,30
3381,30
3502,30
3603,30
3713,30
3795,30
3799,30
3841,30
3919,30
4128,30
4161,30
4183,30
4243,30
4293,30
4338,30
4406,30
4414,30
4508,30
4712,30
4796,30
4857,30
4881,30
4951,30
5001,30
5007,30
5069,30
5121,30
5208,30
5293,30
5341,30
5357,30
5389,30
5437,30
5611,30
5660,30
5725,30
5744,30
5877,30
5932,30
5986,30
6109,30
6126,30
6140,30
6180,30
6338,30
6399,30
6406,30
6428,30
6559,30
6589,30
6596,30
6606,30
6809,30
6820,30
6893,30
6926,30
6993,30
7008,30
7076,30
7353,30
7513,30
7697,30
7892,30
7918,30
8065,30
8068,30
8162,30
8185,30
8200,30
8207,30
8258,30
8288,30
8504,30
8568,30
8569,30
8672,30
8784,30
8790,30
8800,30
8819,30
8882,30
8904,30
9019,30
9149,30
9279,30
9544,30
9696,30
9728,30
9781,30
14,31
105,31
336,31
405,31
479,31
496,31
569,31
633,31
693,31
762,31
791,31
1183,31
1204,31
1211,31
1231,31
1268,31
1284,31
1309,31
1547,31
1636,31
1643,31
1660,31
1744,31
1750,31
1752,31
1860,31
1877,31
1903,31
1940,31
1986,31
2044,31
2085,31
2196,31
2255,31
2450,31
2614,31
2668,31
2710,31
2724,31
2842,31
2925,31
2963,31
3080,31
3095,31
3121,31
3187,31
3324,31
3356,31
3466,31
3479,31
3539,31
3559,31
3582,31
3622,31
3661,31
3685,31
3701,31
3740,31
3944,31
4049,31
4305,31
4361,31
4659,31
4745,31
4819,31
4912,31
4926,31
4941,31
4984,31
5103,31
5311,31
5331,31
5415,31
5487,31
5548,31
5566,31
5607,31
5711,31
5841,31
5849,31
5909,31
5916,31
5944,31
6002,31
6073,31
6200,31
6498,31
6529,31
6782,31
6794,31
6824,31
6924,31
6946,31
6985,31
7031,31
7040,31
7121,31
7172,31
7184,31
7499,31
7552,31
7635,31
7671,31
7713,31
7740,31
8018,31
8054,31
8108,31
8432,31
8587,31
8671,31
8707,31
8815,31
8841,31
8871,31
8902,31
8978,31
9157,31
9198,31
9284,31
9408,31
9430,31
9435,31
9478,31
9607,31
9614,31
9651,31
9673,31
9941,31
34,32
103,32
135,32
168,32
282,32
344,32
595,32
729,32
806,32
818,32
827,32
931,32
976,32
1086,32
1119,32
1142,32
1258,32
1485,32
1487,32
1493,32
1496,32
1502,32
1506,32
1548,32
1723,32
1724,32
1927,32
2075,32
2124,32
2435,32
2436,32
2494,32
2647,32
2699,32
2795,32
2890,32
2892,32
2904,32
2921,32
2959,32
2977,32
2995,32
3075,32
3204,32
3277,32
3317,32
3688,32
3781,32
3785,32
4072,32
4190,32
4217,32
4219,32
4323,32
4473,32
4480,32
4694,32
4708,32
4759,32
4784,32
4839,32
4846,32
4913,32
4934,32
4955,32
5022,32
5084,32
5088,32
5148,32
5229,32
5278,32
5304,32
5421,32
5528,32
5569,32
5573,32
5616,32
5820,32
5823,32
5839,32
5959,32
5993,32
6082,32
6093,32
6202,32
6334,32
6346,32
6414,32
6662,32
6685,32
6686,32
6710,32
6801,32
6841,32
7111,32
7161,32
7191,32
7287,32
7522,32
7591,32
7654,32
7699,32
7724,32
7838,32
7920,32
8049,32
8083,32
8142,32
8276,32
8283,32
8494,32
8646,32
8706,32
8830,32
8881,32
8963,32
9047,32
9061,32
9074,32
9111,32
9213,32
9229,32
9377,32
9644,32
9658,32
9871,32
9886,32
9963,32
32,33
87,33
90,33
222,33
239,33
306,33
308,33
352,33
422,33
444,33
507,33
726,33
745,33
863,33
1153,33
1200,33
1213,33
1250,33
1299,33
1560,33
1582,33
1631,33
1671,33
1689,33
1962,33
2056,33
2127,33
2156,33
2214,33
2369,33
2431,33
2554,33
2676,33
2678,33
2707,33
2761,33
2831,33
3067,33
3172,33
3185,33
3189,33
3210,33
3213,33
3229,33
3270,33
3306,33
3310,33
3372,33
3383,33
3458,33
3520,33
3556,33
3598,33
3611,33
3659,33
3668,33
3793,33
3825,33
3958,33
3985,33
3990,33
4003,33
4054,33
4055,33
4091,33
4116,33
4135,33
4228,33
4362,33
4382,33
4427,33
4454,33
4464,33
4529,33
4549,33
4552,33
4597,33
4615,33
4617,33
5030,33
5235,33
5289,33
5544,33
5704,33
5737,33
5779,33
5794,33
5815,33
5831,33
5901,33
5919,33
6037,33
6204,33
6206,33
6292,33
6331,33
6396,33
6563,33
6622,33
6654,33
6694,33
6766,33
6975,33
7077,33
7475,33
7608,33
7833,33
7888,33
8085,33
8334,33
8430,33
8488,33
8650,33
8700,33
8835,33
8863,33
9017,33
9049,33
9288,33
9366,33
9453,33
9484,33
9506,33
9520,33
9624,33
29,34
65,34
126,34
150,34
219,34
273,34
305,34
338,34
369,34
509,34
522,34
530,34
622,34
682,34
687,34
839,34
1108,34
1564,34
1633,34
1728,34
1949,34
2022,34
2086,34
2135,34
2178,34
2180,34
2197,34
2584,34
2750,34
2845,34
2949,34
3039,34
3079,34
3265,34
3282,34
3298,34
3351,34
3430,34
3495,34
3506,34
3725,34
3753,34
3770,34
3819,34
3835,34
3876,34
3966,34
3972,34
4120,34
4276,34
4394,34
4768,34
4888,34
4987,34
5227,34
5429,34
5504,34
5505,34
5595,34
5645,34
5663,34
5853,34
5907,34
5929,34
5991,34
6055,34
6137,34
6212,34
6225,34
6228,34
6270,34
6431,34
6610,34
6629,34
6784,34
7196,34
7512,34
7514,34
7761,34
7794,34
7922,34
7929,34
8046,34
8086,34
8104,34
8170,34
8172,34
8177,34
8210,34
8233,34
8250,34
8403,34
8556,34
8612,34
8742,34
9341,34
9497,34
9524,34
9549,34
9563,34
9585,34
9655,34
9870,34
30,35
143,35
210,35
214,35
361,35
466,35
688,35
701,35
804,35
883,35
1050,35
1218,35
1240,35
1369,35
1377,35
1395,35
1459,35
1505,35
1682,35
1683,35
1767,35
1780,35
1819,35
2114,35
2392,35
2499,35
2526,35
2565,35
2641,35
2694,35
2723,35
2830,35
2844,35
2852,35
2908,35
3033,35
3202,35
3293,35
3390,35
3399,35
3413,35
3475,35
3670,35
3765,35
3788,35
3860,35
3880,35
3909,35
3984,35
4114,35
4133,35
4154,35
4251,35
4292,35
4301,35
4312,35
4331,35
4490,35
4510,35
4517,35
4530,35
4991,35
5073,35
5296,35
5305,35
5336,35
5382,35
5676,35
5691,35
5810,35
5968,35
6028,35
6062,35
6091,35
6185,35
6300,35
6389,35
6554,35
6577,35
6630,35
6641,35
6748,35
6857,35
6875,35
7026,35
7061,35
7362,35
7393,35
7449,35
7542,35
7747,35
7776,35
7792,35
7831,35
7905,35
8094,35
8161,35
8274,35
8291,35
8378,35
8449,35
8571,35
8652,35
8674,35
8996,35
9050,35
9077,35
9083,35
9220,35
9255,35
9266,35
9355,35
9368,35
9617,35
9660,35
9867,35
9868,35
10022,35
71,36
106,36
295,36
392,36
412,36
480,36
517,36
539,36
644,36
746,36
880,36
934,36
1088,36
1199,36
1318,36
1433,36
1441,36
1460,36
1528,36
1651,36
1716,36
1740,36
1741,36
1921,36
1936,36
2018,36
2276,36
2347,36
2357,36
2367,36
2381,36
2405,36
2555,36
2636,36
2700,36
2826,36
2882,36
2895,36
3035,36
3126,36
3170,36
3198,36
3208,36
3232,36
3631,36
3671,36
3678,36
3679,36
3717,36
3889,36
3891,36
3945,36
3961,36
4087,36
4271,36
4443,36
4521,36
4538,36
4603,36
4762,36
4919,36
5091,36
5164,36
5203,36
5226,36
5243,36
5295,36
5369,36
5409,36
5570,36
5772,36
5875,36
5883,36
6086,36
6241,36
6267,36
6294,36
6343,36
6380,36
6438,36
6496,36
6539,36
6571,36
6756,36
6956,36
6998,36
7117,36
7182,36
7219,36
7397,36
7560,36
7614,36
7705,36
7779,36
7857,36
7876,36
7891,36
7919,36
7938,36
7941,36
8267,36
8304,36
8332,36
8602,36
8698,36
8752,36
8826,36
8935,36
9073,36
9153,36
9244,36
9300,36
9385,36
9688,36
9735,36
9834,36
9840,36
9966,36
10017,36
118,37
128,37
297,37
454,37
536,37
761,37
777,37
954,37
1079,37
1129,37
1152,37
1205,37
1245,37
1272,37
1374,37
1422,37
1509,37
1782,37
1953,37
1964,37
2093,37
2130,37
2155,37
2157,37
2233,37
2259,37
2376,37
2579,37
2930,37
2992,37
3059,37
3073,37
3168,37
3354,37
3594,37
3697,37
3733,37
3791,37
4080,37
4106,37
4200,37
4272,37
4295,37
4339,37
4399,37
4400,37
4411,37
4577,37
4946,37
5173,37
5194,37
5444,37
5915,37
6095,37
6106,37
6216,37
6262,37
6284,37
6526,37
6530,37
6760,37
6774,37
6910,37
6972,37
7032,37
7293,37
7299,37
7334,37
7616,37
7720,37
7835,37
7852,37
7863,37
7886,37
8008,37
8041,37
8091,37
8120,37
8329,37
8684,37
8686,37
8724,37
8751,37
8765,37
8767,37
8776,37
8876,37
8893,37
8929,37
9027,37
9053,37
9280,37
9290,37
9418,37
9625,37
9664,37
9806,37
264,38
288,38
429,38
654,38
716,38
754,38
769,38
893,38
928,38
1023,38
1109,38
1286,38
1345,38
1557,38
1941,38
1993,38
2015,38
2225,38
2281,38
2587,38
2680,38
2683,38
2695,38
2843,38
3145,38
3181,38
3268,38
3303,38
3326,38
3332,38
3440,38
3465,38
3476,38
3519,38
3613,38
3756,38
3763,38
3883,38
3900,38
3982,38
4146,38
4195,38
4198,38
4201,38
4392,38
4606,38
4928,38
4962,38
5020,38
5116,38
5342,38
5746,38
5798,38
5896,38
5902,38
5933,38
6008,38
6026,38
6191,38
6317,38
6360,38
6377,38
6473,38
6484,38
6546,38
6698,38
6804,38
6842,38
6919,38
6955,38
7132,38
7208,38
7319,38
7382,38
7440,38
7469,38
7527,38
7786,38
7951,38
8081,38
8102,38
8144,38
8146,38
8167,38
8189,38
8190,38
8278,38
8284,38
8318,38
8716,38
8795,38
8903,38
9040,38
9135,38
9234,38
9281,38
9362,38
9503,38
9717,38
9748,38
9905,38
9934,38
9987,38
10006,38
26,39
73,39
149,39
245,39
433,39
471,39
490,39
493,39
518,39
655,39
660,39
699,39
853,39
1136,39
1279,39
1421,39
1510,39
1539,39
1747,39
1774,39
1836,39
1961,39
2063,39
2200,39
2251,39
2319,39
2343,39
2468,39
2813,39
3034,39
3167,39
3313,39
3395,39
3540,39
3771,39
4034,39
4044,39
4308,39
4355,39
4519,39
4698,39
4815,39
4968,39
5047,39
5125,39
5313,39
5411,39
5522,39
5777,39
6067,39
6076,39
6081,39
6096,39
6469,39
6929,39
7034,39
7085,39
7110,39
7176,39
7314,39
7472,39
7529,39
7736,39
7859,39
7870,39
8113,39
8158,39
8336,39
8366,39
8409,39
8761,39
8762,39
8897,39
9305,39
9324,39
9469,39
9671,39
9693,39
9694,39
9768,39
9822,39
9909,39
63,40
316,40
335,40
499,40
618,40
659,40
711,40
717,40
766,40
781,40
802,40
825,40
862,40
873,40
1134,40
1380,40
1413,40
1479,40
1489,40
1546,40
1584,40
1596,40
1629,40
1687,40
1720,40
1846,40
1926,40
2181,40
2203,40
2224,40
2249,40
2563,40
2793,40
2910,40
3069,40
3141,40
3188,40
3234,40
3429,40
3555,40
3574,40
3644,40
3655,40
3869,40
4035,40
4042,40
4109,40
4218,40
4259,40
4297,40
4422,40
4744,40
4783,40
4892,40
4948,40
4983,40
5169,40
5234,40
5249,40
5480,40
5518,40
5647,40
5778,40
6003,40
6035,40
6103,40
6302,40
6409,40
6436,40
6471,40
6490,40
6523,40
6601,40
6605,40
6877,40
6922,40
6944,40
7229,40
7236,40
7243,40
7249,40
7267,40
7336,40
7383,40
7408,40
7507,40
7535,40
7578,40
7597,40
7629,40
7799,40
8132,40
8239,40
8259,40
8262,40
8300,40
8572,40
8593,40
8722,40
8989,40
9167,40
9292,40
9326,40
9807,40
9873,40
68,41
266,41
341,41
354,41
423,41
495,41
685,41
812,41
1022,41
1094,41
1111,41
1423,41
1472,41
1512,41
1519,41
1522,41
1566,41
1942,41
1992,41
2033,41
2261,41
2275,41
2297,41
2447,41
2540,41
2607,41
2637,41
2808,41
2935,41
2988,41
3086,41
3228,41
3246,41
3362,41
3424,41
3437,41
3438,41
3564,41
3663,41
4171,41
4196,41
4208,41
4278,41
4335,41
4513,41
4718,41
4812,41
5307,41
5314,41
5378,41
5381,41
5401,41
5422,41
5568,41
5581,41
5788,41
5958,41
6101,41
6349,41
6475,41
6584,41
6800,41
6903,41
6967,41
7075,41
7156,41
7173,41
7250,41
7337,41
7401,41
7434,41
7659,41
7715,41
7771,41
7893,41
7945,41
7976,41
8229,41
8252,41
8265,41
8272,41
8429,41
8614,41
9114,41
9123,41
9195,41
9224,41
9260,41
9509,41
9727,41
183,42
303,42
646,42
887,42
915,42
957,42
969,42
1212,42
1264,42
1293,42
1326,42
1368,42
1408,42
1451,42
1577,42
1594,42
1984,42
1988,42
2228,42
2268,42
2278,42
2306,42
2352,42
2504,42
2784,42
3110,42
3455,42
3626,42
3628,42
3690,42
3863,42
4098,42
4113,42
4373,42
4419,42
4444,42
4506,42
5317,42
5323,42
5332,42
5419,42
5435,42
5447,42
5554,42
5830,42
6283,42
6483,42
6494,42
6648,42
7033,42
7235,42
7305,42
7458,42
7647,42
7754,42
7935,42
8222,42
8227,42
8261,42
8317,42
8510,42
8521,42
8801,42
8856,42
8890,42
9029,42
9437,42
9773,42
9902,42
104,43
108,43
138,43
453,43
558,43
584,43
620,43
627,43
631,43
645,43
856,43
1174,43
1180,43
1233,43
1294,43
1317,43
1555,43
1737,43
1919,43
2073,43
2512,43
2657,43
2914,43
3151,43
3240,43
3318,43
3560,43
3636,43
3707,43
3962,43
3998,43
4070,43
4132,43
4430,43
4569,43
4641,43
4681,43
4781,43
4927,43
4964,43
5066,43
5143,43
5157,43
5284,43
5416,43
5610,43
5633,43
5637,43
5651,43
5669,43
5871,43
6010,43
6143,43
6229,43
6370,43
6580,43
6585,43
6590,43
6600,43
6712,43
6909,43
7073,43
7141,43
7551,43
7663,43
7668,43
7839,43
7847,43
8164,43
8390,43
8480,43
8500,43
8760,43
8958,43
9212,43
9323,43
9510,43
9877,43
9995,43
45,44
176,44
203,44
506,44
516,44
564,44
577,44
747,44
1039,44
1081,44
1161,44
1573,44
1698,44
1971,44
1980,44
1990,44
2014,44
2019,44
2174,44
2320,44
2399,44
2454,44
2562,44
2600,44
2777,44
2918,44
2947,44
2950,44
2956,44
2972,44
3139,44
3349,44
3419,44
3482,44
3534,44
3544,44
3607,44
3810,44
4340,44
4465,44
4573,44
4619,44
4626,44
5008,44
5123,44
5178,44
5197,44
5199,44
5309,44
5340,44
5551,44
5619,44
5661,44
5673,44
5685,44
5698,44
6097,44
6195,44
6392,44
6495,44
6715,44
6805,44
6817,44
6846,44
7231,44
7686,44
7708,44
7788,44
7810,44
7910,44
8414,44
8417,44
8952,44
9051,44
9185,44
9319,44
9343,44
9344,44
9375,44
9498,44
9566,44
9592,44
77,45
253,45
260,45
272,45
556,45
1179,45
1246,45
1255,45
1497,45
1605,45
1799,45
2256,45
2339,45
2370,45
2383,45
2484,45
2549,45
2593,45
2674,45
2728,45
2888,45
3019,45
3085,45
3108,45
3363,45
3434,45
3501,45
3864,45
3952,45
3965,45
3967,45
4058,45
4064,45
4203,45
4289,45
4349,45
4413,45
4797,45
4827,45
5362,45
5540,45
5592,45
5617,45
5682,45
5730,45
5812,45
5833,45
6072,45
6342,45
6451,45
6489,45
6509,45
6562,45
6621,45
6770,45
6789,45
7037,45
7330,45
7354,45
7582,45
7756,45
7774,45
7796,45
8169,45
8232,45
8345,45
8351,45
8373,45
8580,45
8633,45
8715,45
8820,45
8838,45
8843,45
8990,45
9376,45
9400,45
9458,45
9659,45
9672,45
9686,45
9872,45
268,46
385,46
661,46
1164,46
1323,46
1431,46
1574,46
1617,46
1850,46
1918,46
2007,46
2116,46
2143,46
2260,46
2325,46
2388,46
2543,46
2557,46
2656,46
2717,46
2748,46
2853,46
2924,46
3101,46
3192,46
3370,46
3633,46
3693,46
3830,46
3976,46
3983,46
4010,46
4088,46
4176,46
4193,46
4230,46
4461,46
4528,46
4660,46
4705,46
5364,46
5418,46
5492,46
5631,46
5905,46
5931,46
6213,46
6279,46
6435,46
6441,46
6635,46
6663,46
6713,46
6755,46
6818,46
6837,46
6866,46
7058,46
7199,46
7211,46
7246,46
7258,46
7289,46
7417,46
7557,46
7733,46
8356,46
8422,46
8685,46
8807,46
8812,46
8905,46
9009,46
9201,46
9248,46
9570,46
209,47
307,47
590,47
615,47
760,47
835,47
1069,47
1138,47
1353,47
1357,47
1419,47
1476,47
1530,47
1562,47
2089,47
2183,47
2295,47
2508,47
2599,47
2631,47
2686,47
2802,47
3299,47
3457,47
3606,47
3619,47
3848,47
3934,47
3977,47
4022,47
4063,47
4353,47
4366,47
4609,47
4673,47
4806,47
5077,47
5141,47
5257,47
5358,47
5498,47
5556,47
5759,47
5938,47
5973,47
6226,47
6306,47
6397,47
6426,47
6463,47
6476,47
6769,47
6790,47
6997,47
7187,47
7216,47
7263,47
7620,47
7667,47
7953,47
8005,47
8011,47
8219,47
8257,47
8463,47
8574,47
8654,47
8748,47
8792,47
8898,47
8980,47
9199,47
9241,47
9364,47
9367,47
9374,47
9535,47
9677,47
9800,47
9817,47
110,48
202,48
314,48
557,48
704,48
730,48
743,48
789,48
841,48
936,48
1015,48
1032,48
1359,48
1396,48
1550,48
1885,48
1928,48
2050,48
2321,48
2664,48
2812,48
2875,48
2894,48
3003,48
3169,48
3227,48
3387,48
3456,48
3652,48
3796,48
4077,48
4172,48
4187,48
4287,48
4479,48
4533,48
4560,48
4604,48
4719,48
4826,48
4942,48
5168,48
5238,48
5391,48
5403,48
5575,48
5638,48
5740,48
5753,48
5840,48
6169,48
6197,48
6305,48
6315,48
6620,48
6719,48
6838,48
6932,48
7003,48
7099,48
7257,48
7481,48
7589,48
7707,48
7861,48
7909,48
7926,48
7937,48
8171,48
8196,48
8214,48
8363,48
8884,48
9474,48
10024,48
28,49
145,49
276,49
326,49
329,49
342,49
513,49
635,49
689,49
800,49
1031,49
1143,49
1312,49
1385,49
1467,49
1529,49
1830,49
1909,49
2008,49
2020,49
2042,49
2208,49
2301,49
2741,49
3129,49
3159,49
3178,49
3247,49
3251,49
3319,49
3650,49
3882,49
3904,49
4129,49
4231,49
4261,49
4486,49
4646,49
4715,49
4844,49
5353,49
6163,49
6424,49
6502,49
6542,49
6581,49
6592,49
6721,49
6786,49
6795,49
6881,49
7163,49
7167,49
7194,49
7375,49
7673,49
7923,49
8138,49
8199,49
8216,49
8459,49
8484,49
8747,49
8927,49
8960,49
8993,49
9086,49
9104,49
9182,49
9311,49
9350,49
9538,49
9898,49
10002,49
35,50
55,50
60,50
376,50
413,50
485,50
543,50
750,50
790,50
972,50
982,50
1046,50
1051,50
1151,50
1322,50
1327,50
1892,50
2220,50
2292,50
2346,50
2619,50
2782,50
2791,50
2816,50
2817,50
2905,50
2909,50
2936,50
3081,50
3286,50
3730,50
3737,50
3782,50
3833,50
3867,50
4104,50
4177,50
4227,50
4438,50
4499,50
4507,50
4516,50
4764,50
4816,50
4818,50
4867,50
4897,50
4998,50
5218,50
5510,50
5542,50
5600,50
5667,50
5683,50
5960,50
5976,50
6165,50
6251,50
6326,50
6339,50
6376,50
6386,50
6652,50
6914,50
7042,50
7255,50
7262,50
7743,50
7775,50
7956,50
7962,50
8310,50
8365,50
8382,50
8399,50
8443,50
8446,50
8594,50
8617,50
8677,50
8738,50
8842,50
8892,50
8955,50
9020,50
9071,50
9087,50
9095,50
9194,50
9285,50
9349,50
9724,50
9935,50
315,51
483,51
512,51
532,51
623,51
625,51
669,51
692,51
710,51
1025,51
1130,51
1325,51
1333,51
1348,51
1508,51
1532,51
1575,51
1685,51
1718,51
1844,51
1930,51
2107,51
2131,51
2380,51
2472,51
2773,51
2804,51
2867,51
3340,51
3645,51
3722,51
3749,51
3927,51
4350,51
4423,51
4593,51
4769,51
5312,51
5776,51
6528,51
6582,51
6673,51
6681,51
6718,51
6934,51
7677,51
7797,51
8032,51
8324,51
8702,51
8719,51
8911,51
8965,51
9180,51
9513,51
9537,51
9577,51
9838,51
10003,51
10007,51
116,52
163,52
198,52
246,52
568,52
596,52
720,52
737,52
783,52
1058,52
1061,52
1091,52
2065,52
2458,52
2478,52
2485,52
2490,52
2776,52
2902,52
3052,52
3224,52
3322,52
3462,52
3608,52
3844,52
3913,52
4081,52
4207,52
4274,52
4324,52
4821,52
4920,52
5031,52
5079,52
5090,52
5145,52
5184,52
5192,52
5467,52
5476,52
5620,52
6120,52
6240,52
6246,52
6324,52
6381,52
6455,52
6487,52
6525,52
6693,52
6848,52
6945,52
6990,52
7445,52
7524,52
7596,52
7744,52
7758,52
7850,52
7991,52
8037,52
8116,52
8124,52
8166,52
8431,52
8497,52
8628,52
8701,52
8803,52
8941,52
8969,52
8981,52
9021,52
9076,52
9386,52
9422,52
9605,52
9654,52
9711,52
9778,52
9824,52
9857,52
9879,52
9930,52
10,53
64,53
94,53
117,53
225,53
348,53
436,53
486,53
764,53
808,53
1147,53
1430,53
1495,53
1501,53
1757,53
1925,53
2074,53
2112,53
2232,53
2466,53
2622,53
2874,53
3057,53
3587,53
3890,53
3897,53
4385,53
4409,53
4757,53
5338,53
5350,53
5442,53
5451,53
5508,53
5782,53
5859,53
6048,53
6220,53
6372,53
6437,53
6575,53
6732,53
6966,53
6989,53
7120,53
7426,53
7737,53
7795,53
7928,53
8204,53
8217,53
8471,53
8485,53
8663,53
8710,53
8840,53
8915,53
9129,53
9141,53
9238,53
9462,53
9548,53
9901,53
10014,53
252,54
424,54
484,54
502,54
549,54
670,54
817,54
882,54
913,54
1008,54
1158,54
1276,54
1300,54
1363,54
1621,54
1726,54
1872,54
2010,54
2312,54
2333,54
2395,54
2588,54
2770,54
2796,54
2829,54
2896,54
3391,54
3487,54
3535,54
3543,54
3666,54
3672,54
3708,54
3974,54
4112,54
4320,54
4352,54
4433,54
4871,54
4922,54
4994,54
5042,54
5232,54
5266,54
5297,54
5428,54
5623,54
5903,54
6005,54
6209,54
6321,54
6420,54
6543,54
6572,54
6624,54
6973,54
7012,54
7057,54
7169,54
7296,54
7328,54
7372,54
7378,54
7461,54
7465,54
7520,54
7607,54
7729,54
7826,54
7980,54
8092,54
8462,54
8616,54
9023,54
9158,54
9264,54
9869,54
44,55
96,55
312,55
331,55
334,55
362,55
404,55
464,55
715,55
824,55
994,55
1018,55
1082,55
1308,55
1320,55
1415,55
1523,55
1613,55
2351,55
2648,55
2706,55
2759,55
2900,55
2952,55
3237,55
3239,55
3357,55
3431,55
3640,55
4036,55
4304,55
4632,55
4937,55
5256,55
5365,55
5434,55
5887,55
5890,55
6205,55
6242,55
6289,55
6401,55
6534,55
6839,55
7165,55
7228,55
7521,55
7692,55
7700,55
7787,55
7868,55
7989,55
8191,55
8230,55
8321,55
8349,55
8536,55
8605,55
8851,55
8913,55
9033,55
9140,55
9145,55
9235,55
9298,55
9339,55
9347,55
9378,55
9609,55
9823,55
9883,55
9942,55
124,56
559,56
570,56
594,56
774,56
868,56
1001,56
1165,56
1473,56
1598,56
1600,56
1673,56
1719,56
2152,56
2202,56
2398,56
2644,56
2739,56
2764,56
2846,56
2870,56
2929,56
3088,56
3230,56
3307,56
3454,56
3463,56
3492,56
3662,56
3968,56
4153,56
4571,56
4666,56
4756,56
4813,56
4850,56
4894,56
4916,56
4938,56
4943,56
4958,56
4997,56
5260,56
5488,56
5653,56
5824,56
5957,56
5967,56
5992,56
6595,56
6683,56
7222,56
7366,56
7615,56
7644,56
7689,56
7702,56
7869,56
8228,56
8452,56
8609,56
8809,56
8824,56
8885,56
8921,56
9215,56
9512,56
9553,56
9749,56
9785,56
9802,56
9862,56
122,57
366,57
535,57
609,57
691,57
1210,57
1426,57
1438,57
1662,57
1861,57
1879,57
2123,57
2299,57
2323,57
3015,57
3109,57
3290,57
3346,57
3616,57
3776,57
4017,57
4073,57
4150,57
4384,57
4425,57
4477,57
4551,57
4618,57
4865,57
5383,57
5398,57
5443,57
5473,57
5709,57
6124,57
6318,57
6333,57
6672,57
6960,57
6987,57
7080,57
7346,57
7541,57
7684,57
7819,57
7849,57
8331,57
8474,57
8768,57
8918,57
8942,57
9039,57
9504,57
9556,57
9691,57
9788,57
9866,57
9954,57
9991,57
127,58
136,58
271,58
679,58
703,58
898,58
916,58
1076,58
1261,58
1346,58
1518,58
1649,58
1803,58
1970,58
2034,58
2148,58
2322,58
2481,58
2558,58
2898,58
3107,58
3174,58
3408,58
3894,58
3942,58
3949,58
3969,58
4076,58
4222,58
4284,58
4288,58
4440,58
4505,58
4564,58
4567,58
4664,58
4859,58
4935,58
5067,58
6221,58
6379,58
6520,58
6640,58
6890,58
7001,58
7149,58
7493,58
7577,58
7619,58
7802,58
8194,58
8371,58
8445,58
8490,58
8509,58
8637,58
8717,58
8771,58
9069,58
9313,58
9331,58
9354,58
9363,58
9645,58
9892,58
9979,58
234,59
419,59
430,59
1070,59
1116,59
1235,59
1597,59
1669,59
1702,59
2350,59
2414,59
2552,59
3042,59
3120,59
3124,59
3412,59
3530,59
3588,59
3706,59
3738,59
3814,59
3923,59
4283,59
4545,59
4680,59
4765,59
4902,59
5163,59
5188,59
5308,59
5360,59
5405,59
5407,59
5410,59
5485,59
5760,59
5828,59
5983,59
6006,59
6036,59
6178,59
6564,59
6658,59
6891,59
6994,59
7180,59
7379,59
7492,59
7496,59
7530,59
7579,59
7717,59
7804,59
7986,59
8125,59
8292,59
8338,59
8577,59
8643,59
8651,59
8833,59
8910,59
9037,59
9209,59
9576,59
9712,59
9850,59
9895,59
27,60
154,60
263,60
474,60
666,60
788,60
842,60
907,60
980,60
1271,60
1379,60
1449,60
2030,60
2184,60
2201,60
2533,60
2606,60
2623,60
3023,60
3051,60
3573,60
3808,60
3996,60
4021,60
4138,60
4697,60
4721,60
5124,60
5176,60
5228,60
5231,60
5372,60
5515,60
5520,60
5826,60
5900,60
5966,60
6551,60
6675,60
6711,60
6716,60
6874,60
6977,60
7081,60
7083,60
7438,60
7565,60
7981,60
8346,60
9165,60
9332,60
9656,60
9668,60
9708,60
9772,60
9828,60
100,61
156,61
238,61
262,61
545,61
600,61
721,61
930,61
1096,61
2099,61
2122,61
2787,61
2958,61
3036,61
3090,61
3512,61
3812,61
4027,61
4139,61
4370,61
4452,61
4599,61
4729,61
4798,61
5337,61
5375,61
5533,61
5593,61
5761,61
6709,61
6803,61
6895,61
7274,61
7444,61
7670,61
7714,61
7716,61
7734,61
8307,61
8364,61
8384,61
8647,61
9328,61
9340,61
9534,61
9926,61
131,62
254,62
386,62
421,62
475,62
534,62
706,62
708,62
779,62
870,62
953,62
1056,62
1586,62
1655,62
1815,62
1979,62
2046,62
2147,62
2262,62
2516,62
2767,62
3132,62
3380,62
3577,62
3772,62
3898,62
3973,62
4214,62
4281,62
4460,62
4716,62
4736,62
4737,62
4858,62
5032,62
5198,62
5236,62
5258,62
5361,62
5507,62
5985,62
6171,62
6193,62
6257,62
6739,62
6878,62
7396,62
7778,62
7878,62
7972,62
8071,62
8088,62
8579,62
8660,62
8920,62
9250,62
9333,62
9690,62
9903,62
9961,62
223,63
465,63
498,63
799,63
1706,63
1787,63
2038,63
2097,63
2427,63
2604,63
2673,63
2747,63
3191,63
3215,63
3585,63
3647,63
3684,63
3775,63
4092,63
4408,63
4544,63
4557,63
4633,63
4972,63
5294,63
5516,63
5594,63
5671,63
5678,63
5770,63
5835,63
6023,63
6044,63
6094,63
6254,63
6263,63
6286,63
6510,63
6599,63
6699,63
6722,63
6742,63
6775,63
7150,63
7286,63
7365,63
7428,63
7544,63
7613,63
7877,63
8059,63
8079,63
8294,63
8372,63
8544,63
8653,63
8755,63
8787,63
9144,63
9159,63
9404,63
9468,63
9471,63
9713,63
9880,63
9900,63
9911,63
37,64
218,64
674,64
926,64
975,64
1620,64
1632,64
1769,64
1914,64
1958,64
2096,64
2270,64
2583,64
2610,64
2632,64
2873,64
3759,64
3925,64
3981,64
4269,64
4988,64
5836,64
6297,64
6868,64
6920,64
7101,64
7348,64
7617,64
8416,64
8552,64
8697,64
9258,64
9297,64
9338,64
9454,64
9481,64
9865,64
9917,64
9922,64
165,65
456,65
851,65
1099,65
1221,65
1275,65
1370,65
1569,65
1832,65
2049,65
2807,65
2809,65
2996,65
3002,65
3453,65
3481,65
3498,65
3953,65
4220,65
4509,65
4548,65
4780,65
4794,65
4981,65
5142,65
5174,65
5756,65
5845,65
6084,65
6642,65
6671,65
6844,65
7181,65
7214,65
7384,65
7463,65
8163,65
8184,65
8285,65
8712,65
8736,65
8896,65
9115,65
9246,65
9360,65
9440,65
9493,65
9500,65
9715,65
9874,65
153,66
221,66
270,66
401,66
403,66
417,66
447,66
744,66
1059,66
1080,66
1458,66
1483,66
1559,66
1796,66
1997,66
2185,66
2254,66
2461,66
2790,66
2825,66
2931,66
2971,66
3184,66
3194,66
3388,66
3416,66
3418,66
4233,66
4260,66
4337,66
4447,66
4735,66
4817,66
4840,66
4999,66
5028,66
5477,66
5496,66
5736,66
5769,66
5956,66
6111,66
6384,66
6425,66
6644,66
6923,66
6935,66
7010,66
7046,66
7242,66
7279,66
7377,66
7993,66
8130,66
8499,66
8779,66
9134,66
9164,66
9652,66
9910,66
9927,66
9933,66
97,67
134,67
258,67
328,67
478,67
576,67
725,67
763,67
834,67
1112,67
1372,67
1383,67
1443,67
1917,67
2057,67
2703,67
2985,67
2989,67
3179,67
3221,67
3441,67
3899,67
4075,67
4164,67
4262,67
4415,67
4976,67
5472,67
5621,67
6933,67
7404,67
7424,67
7453,67
7821,67
7979,67
8080,67
8159,67
8433,67
8501,67
8547,67
8665,67
9689,67
85,68
571,68
895,68
965,68
1055,68
1249,68
1699,68
2810,68
2837,68
2957,68
3262,68
3376,68
3675,68
3823,68
3912,68
4071,68
4336,68
4634,68
4692,68
4701,68
4804,68
4869,68
5117,68
5150,68
5646,68
6172,68
6192,68
6207,68
6210,68
6382,68
6664,68
7090,68
7719,68
7914,68
8466,68
8560,68
8723,68
9301,68
9379,68
9526,68
9600,68
9670,68
10016,68
78,69
137,69
503,69
528,69
650,69
780,69
819,69
903,69
1425,69
1540,69
1659,69
1795,69
2396,69
2589,69
3026,69
3038,69
3283,69
3344,69
4376,69
5104,69
5326,69
5837,69
6099,69
6277,69
6702,69
7622,69
8002,69
8286,69
8330,69
8397,69
8516,69
9119,69
9642,69
9683,69
9739,69
9751,69
9769,69
9861,69
1,70
15,70
47,70
151,70
220,70
233,70
237,70
461,70
680,70
794,70
807,70
981,70
1028,70
1287,70
1452,70
1490,70
1906,70
1983,70
2088,70
2219,70
2280,70
2404,70
2946,70
2968,70
3207,70
3373,70
3385,70
3682,70
3687,70
3940,70
4059,70
4103,70
4476,70
4542,70
4624,70
4767,70
4993,70
5002,70
5894,70
6390,70
6907,70
7290,70
7464,70
8010,70
8057,70
8202,70
8319,70
8502,70
8607,70
8676,70
8693,70
8944,70
9373,70
9407,70
9757,70
130,71
482,71
552,71
580,71
612,71
617,71
849,71
1269,71
1350,71
1524,71
1708,71
2179,71
2195,71
2624,71
2733,71
2821,71
3837,71
3875,71
4136,71
4191,71
4520,71
4566,71
4572,71
4589,71
5255,71
5491,71
5580,71
5708,71
5804,71
5997,71
6253,71
6470,71
6480,71
6514,71
6904,71
7126,71
7151,71
7815,71
8141,71
8590,71
8728,71
8867,71
8880,71
9160,71
9743,71
9845,71
9999,71
99,72
179,72
255,72
963,72
1105,72
1154,72
1162,72
1292,72
1466,72
1814,72
1849,72
2309,72
2340,72
2387,72
2511,72
2663,72
2688,72
2876,72
3173,72
3320,72
3669,72
3766,72
3851,72
3926,72
4002,72
4147,72
4267,72
4898,72
4915,72
4923,72
5252,72
5268,72
5604,72
5674,72
5946,72
6726,72
6869,72
7320,72
7600,72
7630,72
7768,72
8033,72
8153,72
8188,72
8242,72
8720,72
9371,72
9775,72
9810,72
9851,72
9971,72
411,73
634,73
672,73
749,73
978,73
1017,73
1538,73
1714,73
1734,73
1785,73
1968,73
2167,73
2212,73
2265,73
2365,73
2441,73
2608,73
2858,73
2901,73
2970,73
3361,73
3489,73
3510,73
3531,73
3566,73
3691,73
3877,73
4018,73
4046,73
4985,73
5115,73
5138,73
5233,73
5254,73
5628,73
5995,73
6164,73
6568,73
6689,73
6777,73
7178,73
8036,73
8160,73
8260,73
8400,73
8427,73
8455,73
8535,73
8538,73
8624,73
8681,73
9044,73
9232,73
9233,73
9452,73
184,74
373,74
458,74
922,74
943,74
1525,74
1701,74
1873,74
1896,74
1994,74
2258,74
2576,74
2580,74
2597,74
2785,74
3093,74
3102,74
3258,74
3312,74
3932,74
4040,74
4500,74
4584,74
4588,74
4623,74
4644,74
5098,74
5387,74
5456,74
5587,74
5735,74
5768,74
5935,74
6182,74
6252,74
6485,74
6619,74
7175,74
7528,74
7598,74
7664,74
7725,74
8312,74
8780,74
9270,74
9426,74
9464,74
9719,74
9766,74
193,75
374,75
657,75
959,75
1188,75
1571,75
1657,75
1721,75
1801,75
1851,75
2016,75
2230,75
2240,75
2923,75
3308,75
3423,75
3862,75
4252,75
4416,75
4654,75
4700,75
4776,75
4777,75
4801,75
5262,75
5374,75
5532,75
5557,75
5925,75
6264,75
6486,75
6653,75
7303,75
7338,75
7585,75
7672,75
7811,75
8060,75
8109,75
8280,75
8539,75
8797,75
9253,75
9396,75
9459,75
350,76
671,76
696,76
996,76
1021,76
1351,76
1781,76
2113,76
2121,76
3020,76
3855,76
3955,76
3964,76
4052,76
4122,76
4498,76
4647,76
5420,76
5454,76
5743,76
5775,76
5971,76
6004,76
6598,76
6921,76
7913,76
7946,76
8004,76
8156,76
8182,76
8567,76
8649,76
9024,76
9120,76
9299,76
9352,76
9438,76
287,77
1064,77
1446,77
1608,77
1763,77
1893,77
1985,77
2300,77
2814,77
2851,77
2866,77
3951,77
3963,77
3978,77
5011,77
5024,77
5303,77
5606,77
6017,77
6125,77
6198,77
6474,77
6593,77
6856,77
7256,77
7342,77
7389,77
7958,77
8051,77
8165,77
8234,77
8273,77
8385,77
8436,77
8789,77
9179,77
9286,77
9508,77
9551,77
9752,77
9943,77
9958,77
20,78
133,78
158,78
275,78
428,78
578,78
962,78
1004,78
1226,78
1593,78
1868,78
2101,78
2373,78
2440,78
3071,78
3143,78
3147,78
3493,78
3853,78
4011,78
4090,78
4290,78
4488,78
4717,78
4754,78
4803,78
4887,78
5795,78
6030,78
6074,78
6293,78
6637,78
6871,78
7136,78
7144,78
7158,78
7230,78
7302,78
7304,78
7526,78
7543,78
7687,78
8255,78
8473,78
8512,78
8639,78
8743,78
8916,78
9161,78
9415,78
9482,78
9853,78
66,79
320,79
792,79
1465,79
1491,79
1567,79
2017,79
2083,79
2355,79
2412,79
3006,79
3750,79
4048,79
4089,79
4591,79
4600,79
4932,79
5466,79
6128,79
6299,79
6461,79
6493,79
7071,79
7138,79
7200,79
7387,79
7533,79
7812,79
7912,79
8009,79
8447,79
8475,79
8648,79
8777,79
8827,79
8930,79
9210,79
9217,79
324,80
1026,80
1126,80
1373,80
1447,80
1607,80
1630,80
2263,80
2408,80
2751,80
2954,80
3125,80
3166,80
3175,80
3436,80
3507,80
3571,80
4068,80
4179,80
4273,80
4526,80
4651,80
4966,80
5093,80
5107,80
5189,80
5207,80
5582,80
5599,80
5893,80
6043,80
6199,80
6320,80
7369,80
7386,80
7698,80
8224,80
8831,80
9012,80
9219,80
9684,80
10023,80
50,81
178,81
397,81
985,81
1262,81
1347,81
2068,81
2106,81
2245,81
2248,81
2489,81
2994,81
3135,81
3421,81
3774,81
4041,81
4446,81
4492,81
4495,81
4555,81
4770,81
5136,81
5219,81
5578,81
6332,81
6352,81
6524,81
6639,81
6851,81
6937,81
7594,81
7641,81
7662,81
7762,81
8058,81
531,82
599,82
1009,82
1092,82
1611,82
1876,82
2077,82
2138,82
2498,82
2743,82
2920,82
3018,82
3044,82
3405,82
3538,82
3727,82
3802,82
3852,82
3872,82
4330,82
4527,82
4682,82
4959,82
5023,82
5037,82
5624,82
5982,82
6537,82
6647,82
7048,82
7866,82
7921,82
8025,82
8469,82
8515,82
9181,82
9488,82
9519,82
9667,82
197,83
257,83
290,83
300,83
390,83
455,83
1296,83
1331,83
1755,83
1902,83
2348,83
2422,83
2545,83
2571,83
2861,83
2960,83
3392,83
3620,83
4347,83
4863,83
5187,83
5279,83
6636,83
6682,83
6930,83
7047,83
7227,83
7247,83
7974,83
7987,83
8192,83
8388,83
8487,83
8696,83
9106,83
9294,83
9797,83
9837,83
9964,83
121,84
360,84
420,84
588,84
636,84
1244,84
1439,84
1640,84
2176,84
2235,84
2819,84
2915,84
3528,84
4020,84
4067,84
4158,84
4197,84
4202,84
4849,84
4965,84
5034,84
5750,84
5805,84
6256,84
6310,84
6566,84
6669,84
6828,84
7095,84
7271,84
8023,84
8339,84
8933,84
8947,84
8953,84
9081,84
9109,84
9188,84
9296,84
9521,84
199,85
855,85
988,85
1282,85
1890,85
2168,85
3280,85
3461,85
4909,85
5089,85
5191,85
5319,85
5864,85
6472,85
6650,85
6666,85
6724,85
7244,85
7332,85
7738,85
7830,85
7975,85
8145,85
8874,85
8889,85
8995,85
9075,85
9754,85
40,86
141,86
605,86
665,86
731,86
1432,86
1549,86
1845,86
1875,86
1891,86
1900,86
1904,86
1944,86
2119,86
2142,86
2519,86
2692,86
2740,86
3171,86
3201,86
3407,86
3773,86
3809,86
3943,86
4051,86
4085,86
4256,86
4279,86
4522,86
4547,86
5550,86
5589,86
6046,86
6939,86
7316,86
7741,86
8481,86
9428,86
25,87
161,87
251,87
375,87
866,87
879,87
956,87
1020,87
1097,87
1139,87
1159,87
1429,87
1511,87
1960,87
2102,87
2154,87
2609,87
3314,87
3595,87
4248,87
4418,87
4540,87
4786,87
5225,87
5270,87
5643,87
5796,87
5801,87
6400,87
7025,87
7129,87
7135,87
7217,87
7350,87
8090,87
8175,87
8293,87
8675,87
8822,87
9041,87
9278,87
9729,87
92,88
387,88
583,88
911,88
1132,88
1391,88
2028,88
2532,88
2702,88
3087,88
3821,88
4037,88
4209,88
4229,88
4241,88
4303,88
4607,88
5070,88
5097,88
5193,88
5474,88
6114,88
7152,88
7473,88
7586,88
7661,88
7887,88
8836,88
8931,88
8937,88
9016,88
9611,88
407,89
1315,89
1579,89
1790,89
2053,89
2642,89
3155,89
3242,89
3425,89
4026,89
4379,89
4648,89
4728,89
4753,89
5517,89
6013,89
6069,89
6356,89
7035,89
7177,89
7269,89
7456,89
7558,89
7660,89
7763,89
7871,89
8127,89
8147,89
8600,89
9263,89
9564,89
9716,89
9737,89
9836,89
2505,90
3050,90
3138,90
3417,90
3803,90
4004,90
4141,90
4546,90
5170,90
5408,90
5450,90
5790,90
6148,90
6335,90
6607,90
7093,90
7195,90
7352,90
7443,90
7518,90
7628,90
8520,90
8550,90
9155,90
9533,90
9634,90
9695,90
9790,90
152,91
1725,91
2039,91
2677,91
3748,91
3910,91
3928,91
4822,91
4885,91
4911,91
5003,91
6460,91
6631,91
7050,91
7123,91
7344,91
7858,91
8302,91
8406,91
8657,91
8984,91
9124,91
9307,91
9648,91
229,92
434,92
563,92
845,92
1378,92
1572,92
2754,92
2848,92
3342,92
3343,92
3558,92
4359,92
4723,92
4755,92
4811,92
5127,92
6464,92
6757,92
6847,92
7284,92
7855,92
8264,92
8376,92
8582,92
8894,92
9303,92
9392,92
9581,92
9679,92
9844,92
9897,92
146,93
767,93
1010,93
1072,93
2060,93
2188,93
2206,93
2470,93
2524,93
3048,93
3064,93
3375,93
3850,93
4810,93
5080,93
5159,93
5321,93
5937,93
5942,93
6150,93
6501,93
6730,93
7627,93
8322,93
8352,93
8887,93
9133,93
9189,93
9381,93
9820,93
488,94
1085,94
2602,94
2984,94
3565,94
3829,94
4165,94
4270,94
4677,94
4837,94
5343,94
5642,94
6085,94
6261,94
6427,94
6545,94
6604,94
6687,94
7041,94
7160,94
7321,94
8622,94
8968,94
9345,94
9856,94
663,95
719,95
735,95
1106,95
1234,95
1468,95
1694,95
2244,95
2246,95
2452,95
3410,95
4862,95
4986,95
5131,95
5529,95
6068,95
6139,95
6266,95
6861,95
7052,95
7300,95
7502,95
8074,95
8353,95
9154,95
9796,95
10000,95
160,96
265,96
739,96
1114,96
1176,96
1504,96
1798,96
1943,96
2026,96
3970,96
4730,96
5494,96
5560,96
5625,96
6250,96
7939,96
8570,96
9274,96
9403,96
9574,96
9878,96
9896,96
211,97
399,97
1185,97
1772,97
1779,97
2368,97
2746,97
2768,97
2864,97
2939,97
3134,97
3692,97
3811,97
4448,97
4608,97
5108,97
5700,97
5806,97
6275,97
6374,97
6655,97
6659,97
6778,97
7183,97
7220,97
7291,97
7556,97
7643,97
7902,97
8699,97
8859,97
9031,97
9103,97
9514,97
442,98
987,98
1521,98
1558,98
1678,98
1947,98
2169,98
2416,98
2426,98
2443,98
3596,98
3609,98
3703,98
3914,98
4181,98
4328,98
5397,98
6024,98
6123,98
6215,98
6336,98
6403,98
6513,98
6560,98
7265,98
7283,98
7595,98
7853,98
8176,98
8337,98
8415,98
8687,98
8948,98
9013,98
9046,98
9791,98
195,99
823,99
1464,99
1536,99
1848,99
1880,99
2284,99
2482,99
2592,99
3527,99
3562,99
3563,99
3657,99
3758,99
4470,99
4543,99
4562,99
4611,99
4627,99
4713,99
4969,99
4989,99
5390,99
5734,99
5818,99
5889,99
6009,99
6167,99
6168,99
7186,99
7324,99
7462,99
7860,99
7890,99
8174,99
8301,99
8595,99
8655,99
8987,99
9251,99
9573,99
9643,99
144,100
332,100
854,100
1131,100
1201,100
1314,100
1440,100
1625,100
1697,100
1733,100
2061,100
2140,100
2250,100
2591,100
2779,100
2781,100
3260,100
3634,100
3641,100
3906,100
4866,100
5038,100
5334,100
5423,100
5945,100
6518,100
6521,100
6744,100
6892,100
7515,100
7824,100
8066,100
8152,100
8394,100
8410,100
8627,100
8635,100
8919,100
9000,100
9113,100
9321,100
9436,100
9583,100
9675,100
9805,100
5,101
162,101
658,101
677,101
1049,101
1280,101
1303,101
1645,101
1760,101
1764,101
1934,101
2257,101
2493,101
2534,101
2682,101
2788,101
2934,101
3252,101
3813,101
4074,101
4078,101
4125,101
4254,101
4341,101
4343,101
4393,101
4773,101
5099,101
5385,101
5432,101
6117,101
6149,101
6557,101
6626,101
6646,101
6727,101
6979,101
7624,101
8103,101
8115,101
8282,101
8316,101
8398,101
8564,101
9146,101
9593,101
9829,101
9923,101
398,102
560,102
755,102
1537,102
2455,102
2774,102
2832,102
2987,102
3371,102
4015,102
4674,102
4793,102
5271,102
5380,102
5799,102
6363,102
6700,102
6986,102
7074,102
7442,102
7460,102
7501,102
7748,102
8670,102
9065,102
9249,102
9337,102
9449,102
9527,102
21,103
511,103
888,103
900,103
933,103
1637,103
1776,103
1959,103
2198,103
2349,103
2445,103
2497,103
2752,103
2860,103
2991,103
3098,103
3103,103
3291,103
3323,103
3449,103
3780,103
3987,103
4107,103
4130,103
4613,103
4752,103
5132,103
5724,103
5961,103
6015,103
6061,103
6214,103
7371,103
7681,103
8354,103
9128,103
9764,103
9833,103
9967,103
58,104
732,104
1618,104
2002,104
2437,104
2570,104
2618,104
2916,104
3014,104
3058,104
3494,104
3514,104
3553,104
3610,104
3720,104
3745,104
4094,104
4368,104
4534,104
4661,104
4824,104
4868,104
4921,104
5063,104
5490,104
5608,104
5754,104
5767,104
5866,104
5941,104
6444,104
7625,104
7633,104
7840,104
8045,104
8181,104
8275,104
8645,104
8692,104
9028,104
9183,104
9271,104
9320,104
9885,104
325,105
394,105
632,105
829,105
1066,105
1313,105
1392,105
1707,105
1859,105
2001,105
2035,105
2272,105
2442,105
3288,105
4056,105
4069,105
4453,105
4487,105
4598,105
4996,105
5501,105
5547,105
5880,105
5926,105
6014,105
7189,105
7545,105
7970,105
8043,105
8327,105
8392,105
8730,105
8763,105
9479,105
9604,105
952,106
2173,106
2560,106
2966,106
3719,106
4574,106
4953,106
5455,106
5613,106
6145,106
6627,106
6948,106
7277,106
7422,106
7588,106
7666,106
7773,106
8598,106
9187,106
9356,106
9532,106
186,107
347,107
1197,107
1414,107
1444,107
1858,107
1865,107
2115,107
2236,107
2999,107
3089,107
3840,107
4703,107
5033,107
5301,107
5681,107
6337,107
6391,107
6707,107
6754,107
7100,107
7883,107
8328,107
8350,107
8629,107
8753,107
8821,107
8848,107
8992,107
9848,107
9948,107
36,108
248,108
1252,108
1253,108
1324,108
1727,108
2391,108
3216,108
3721,108
3797,108
4194,108
4319,108
4732,108
5553,108
5696,108
6369,108
6507,108
6594,108
7789,108
8095,108
8900,108
9093,108
9177,108
9451,108
9613,108
9799,108
410,109
1340,109
1806,109
2514,109
2585,109
2704,109
3826,109
3892,109
4570,109
4748,109
5078,109
5128,109
5728,109
6052,109
6108,109
6527,109
6888,109
7525,109
7532,109
8027,109
8187,109
8420,109
8451,109
8837,109
8850,109
9131,109
9315,109
9575,109
9982,109
652,110
771,110
1576,110
2125,110
2145,110
2948,110
3030,110
3339,110
3464,110
4291,110
4374,110
4685,110
4940,110
5200,110
5328,110
5834,110
5874,110
6020,110
6146,110
6418,110
6478,110
7094,110
7563,110
7915,110
7917,110
7950,110
8281,110
8395,110
8496,110
8783,110
8858,110
9243,110
9261,110
9389,110
9925,110
9993,110
212,111
244,111
281,111
323,111
1083,111
1595,111
2146,111
2308,111
2716,111
2859,111
3056,111
3257,111
3297,111
3526,111
3536,111
4182,111
4185,111
4216,111
4970,111
5366,111
5525,111
6316,111
7509,111
7896,111
7978,111
8040,111
8453,111
8845,111
8888,111
10011,111
249,112
400,112
1328,112
1554,112
2215,112
2568,112
2705,112
2730,112
3578,112
3861,112
4180,112
5057,112
5771,112
6047,112
6660,112
6728,112
7447,112
7636,112
7709,112
8087,112
9465,112
9511,112
9666,112
554,113
897,113
1124,113
1647,113
2023,113
2048,113
2318,113
2393,113
2978,113
3100,113
3368,113
5095,113
5431,113
5546,113
5969,113
6385,113
7107,113
7268,113
7704,113
7943,113
8075,113
8303,113
8377,113
8621,113
8759,113
9745,113
9782,113
9789,113
196,114
826,114
1037,114
1060,114
2091,114
2544,114
2665,114
3284,114
3477,114
3712,114
3729,114
3994,114
4062,114
5106,114
6762,114
7063,114
7419,114
7500,114
7511,114
7959,114
8537,114
9457,114
206,115
624,115
938,115
1044,115
1207,115
1499,115
2237,115
2763,115
3542,115
3665,115
3929,115
4008,115
4316,115
4602,115
4936,115
5384,115
6860,115
7131,115
7285,115
7848,115
8070,115
8173,115
8271,115
9470,115
9536,115
9774,115
231,116
1087,116
1471,116
1916,116
2313,116
2727,116
2911,116
3568,116
4038,116
4108,116
5205,116
5445,116
6075,116
6565,116
6714,116
6758,116
6906,116
7146,116
7510,116
7845,116
7899,116
9372,116
204,117
1121,117
1178,117
1241,117
2129,117
2425,117
2651,117
2926,117
3638,117
3786,117
3827,117
3858,117
4242,117
4899,117
5081,117
5729,117
5751,117
5947,117
5951,117
6121,117
6704,117
7678,117
7836,117
8456,117
9206,117
9401,117
9561,117
547,118
955,118
1283,118
1376,118
1614,118
1775,118
2897,118
3865,118
4163,118
4268,118
4439,118
5324,118
5658,118
6092,118
7054,118
7062,118
7809,118
8517,118
9283,118
9489,118
9700,118
9983,118
259,119
427,119
1078,119
2311,119
2799,119
3214,119
3222,119
3656,119
3849,119
4028,119
4167,119
4321,119
4523,119
4605,119
4740,119
5172,119
5763,119
6042,119
6183,119
6278,119
7068,119
7351,119
7645,119
8198,119
8226,119
8775,119
8945,119
9734,119
309,120
378,120
752,120
974,120
1650,120
1828,120
1862,120
2291,120
2537,120
3144,120
3287,120
4030,120
4031,120
4471,120
4501,120
4945,120
5399,120
5596,120
5936,120
5953,120
6430,120
6813,120
8055,120
8073,120
8683,120
9034,120
9190,120
9295,120
9414,120
9626,120
9721,120
267,121
277,121
1053,121
1355,121
1366,121
1561,121
1732,121
2385,121
2711,121
2933,121
3834,121
3933,121
4375,121
4625,121
4695,121
5109,121
6815,121
6901,121
7049,121
7281,121
7318,121
8129,121
8519,121
8825,121
8861,121
9172,121
101,122
167,122
1127,122
1354,122
1823,122
2981,122
3518,122
4565,122
5367,122
6295,122
6978,122
7536,122
7583,122
7966,122
7998,122
8786,122
8873,122
9030,122
9102,122
9951,122
9994,122
93,123
1122,123
1448,123
2189,123
2973,123
4442,123
4466,123
5318,123
5715,123
5913,123
5952,123
5972,123
6649,123
6953,123
7317,123
8212,123
8289,123
8313,123
8503,123
8644,123
8673,123
8939,123
9122,123
119,124
786,124
992,124
1160,124
1365,124
1957,124
1981,124
2264,124
2617,124
2797,124
3146,124
3278,124
3350,124
3731,124
4045,124
4931,124
5567,124
6740,124
6819,124
7097,124
7399,124
8052,124
9151,124
9647,124
9738,124
9937,124
185,125
504,125
951,125
1196,125
2550,125
3041,125
3152,125
3427,125
3705,125
4307,125
5316,125
5320,125
5506,125
5576,125
5922,125
5999,125
6132,125
6942,125
7022,125
7477,125
8690,125
8726,125
8782,125
9518,125
9777,125
67,126
877,126
1954,126
3411,126
3686,126
3916,126
4119,126
4360,126
4426,126
5014,126
5499,126
5886,126
6177,126
6330,126
6569,126
8419,126
8662,126
8962,126
9221,126
9762,126
9914,126
114,127
1361,127
1661,127
2045,127
2523,127
2582,127
2884,127
3567,127
3806,127
4275,127
4434,127
4595,127
4639,127
4944,127
5722,127
6750,127
6969,127
6976,127
7066,127
7785,127
9112,127
9568,127
123,128
718,128
979,128
1304,128
1407,128
1811,128
2095,128
2241,128
2273,128
3884,128
3922,128
4029,128
4126,128
4238,128
4239,128
4322,128
4851,128
5603,128
6116,128
7590,128
7691,128
8148,128
8714,128
9043,128
9100,128
9369,128
675,129
1587,129
2066,129
2459,129
2672,129
2690,129
2833,129
3177,129
3275,129
3304,129
6466,129
6772,129
6897,129
7145,129
7280,129
7437,129
7994,129
8244,129
8383,129
8606,129
9042,129
9138,129
9492,129
9946,129
333,130
601,130
1141,130
2166,130
2274,130
2561,130
3335,130
3432,130
3580,130
3887,130
4630,130
6422,130
6886,130
6965,130
7127,130
7690,130
8407,130
713,131
899,131
1454,131
2310,131
2501,131
2662,131
2955,131
3548,131
3700,131
4325,131
5240,131
5269,131
5545,131
6361,131
6570,131
7023,131
7394,131
7656,131
8344,131
8923,131
8934,131
9078,131
9084,131
9359,131
9779,131
148,132
302,132
371,132
1913,132
2191,132
2503,132
2713,132
3696,132
3741,132
4110,132
4364,132
4407,132
5216,132
5601,132
5690,132
6680,132
6854,132
6931,132
7266,132
8814,132
9008,132
9329,132
9804,132
112,133
113,133
1581,133
2071,133
2862,133
4057,133
4412,133
4451,133
5085,133
5543,133
5882,133
5891,133
8361,133
8725,133
8794,133
497,134
501,134
1641,134
1653,134
1907,134
2282,134
2401,134
3267,134
3694,134
3930,134
3980,134
4371,134
5881,134
6187,134
6535,134
6845,134
7140,134
7308,134
7498,134
8157,134
8295,134
9424,134
190,135
1034,135
2052,135
2359,135
4155,135
4596,135
5640,135
6407,135
6602,135
6999,135
7065,135
7553,135
8121,135
9477,135
9640,135
9932,135
9968,135
278,136
797,136
1133,136
1297,136
1321,136
1356,136
1754,136
2363,136
2630,136
3024,136
3032,136
4102,136
4518,136
5809,136
6432,136
6522,136
7013,136
7015,136
7487,136
8849,136
9475,136
9827,136
9952,136
208,137
1773,137
1908,137
2226,137
3047,137
3352,137
3379,137
3404,137
3513,137
3554,137
3561,137
3856,137
3989,137
4342,137
4707,137
4833,137
4961,137
5012,137
7701,137
7931,137
8525,137
9223,137
9601,137
748,138
925,138
1068,138
1095,138
2076,138
2316,138
4083,138
6224,138
6249,138
6280,138
6793,138
6825,138
6859,138
7295,138
7370,138
8029,138
8061,138
8774,138
8999,138
9070,138
9092,138
9893,138
172,139
188,139
723,139
1738,139
1791,139
1864,139
3236,139
3591,139
3746,139
3868,139
4317,139
4845,139
6949,139
7431,139
9003,139
9099,139
9304,139
9370,139
9685,139
2136,140
2158,140
2456,140
2465,140
2510,140
3728,140
3946,140
4883,140
5051,140
5213,140
5427,140
5955,140
6301,140
6651,140
7568,140
7695,140
7696,140
9621,140
441,141
1093,141
1229,141
3196,141
3442,141
3838,141
4474,141
5855,141
5996,141
6661,141
6763,141
6765,141
6879,141
7360,141
418,142
1948,142
2479,142
3444,142
3954,142
4396,142
4468,142
5071,142
5190,142
5699,142
5858,142
6375,142
7294,142
7947,142
9505,142
840,143
1043,143
1624,143
1820,143
2132,143
2216,143
2605,143
3597,143
4432,143
5705,143
5819,143
6236,143
7251,143
8791,143
9126,143
9417,143
830,144
1033,144
1887,144
4148,144
4286,144
4699,144
4787,144
5083,144
5276,144
6138,144
6186,144
6245,144
6579,144
6834,144
6849,144
6908,144
7143,144
7153,144
7306,144
7368,144
7642,144
7996,144
8269,144
8585,144
9541,144
9705,144
98,145
822,145
1812,145
2626,145
3078,145
3557,145
3755,145
4043,145
5591,145
5738,145
5745,145
5758,145
6018,145
6479,145
6829,145
7329,145
7638,145
9282,145
9698,145
139,146
235,146
1469,146
2134,146
2337,146
2627,146
2794,146
3295,146
3824,146
5251,146
5535,146
5562,146
5774,146
7450,146
9985,146
313,147
698,147
1867,147
2137,147
2786,147
3281,147
3499,147
3552,147
4576,147
4653,147
5273,147
5703,147
5741,147
6988,147
7225,147
7818,147
9068,147
86,148
164,148
279,148
358,148
961,148
1007,148
1349,148
2105,148
2290,148
3011,148
3226,148
3600,148
4657,148
5087,148
6201,148
6808,148
6905,148
7904,148
8205,148
9006,148
9166,148
69,149
1075,149
1486,149
1666,149
2194,149
2409,149
2961,149
5217,149
5861,149
5989,149
6211,149
6609,149
6657,149
6746,149
6884,149
7109,149
7494,149
7599,149
7755,149
8107,149
8596,149
9237,149
9402,149
9502,149
9875,149
9959,149
1013,150
1238,150
1871,150
2462,150
2745,150
2969,150
3244,150
3695,150
4469,150
5479,150
5605,150
5898,150
5950,150
6940,150
8467,150
9460,150
9706,150
9984,150
91,151
591,151
1155,151
1427,151
1710,151
1816,151
3065,151
3783,151
5686,151
5994,151
6531,151
7420,151
8111,151
8483,151
8805,151
1012,152
2218,152
3012,152
3235,152
3414,152
3511,152
4079,152
4536,152
4656,152
5055,152
5531,152
5565,152
5984,152
6127,152
6158,152
6345,152
6440,152
6896,152
8682,152
8976,152
1827,153
2067,153
3001,153
3389,153
3680,153
3702,153
4933,153
5004,153
6674,153
6832,153
7207,153
7418,153
7602,153
7688,153
7749,153
8077,153
9227,153
639,154
765,154
1642,154
1654,154
2211,154
2229,154
2856,154
2871,154
3005,154
3854,154
4142,154
4397,154
5224,154
5285,154
6181,154
6290,154
7166,154
8003,154
8151,154
9267,154
9697,154
9709,154
9980,154
8,155
102,155
787,155
984,155
1118,155
1400,155
1842,155
2975,155
3115,155
4722,155
4907,155
4979,155
5059,155
7961,155
8112,155
8632,155
8977,155
9357,155
686,156
1230,156
2013,156
3264,156
4224,156
4300,156
4436,156
4683,156
5244,156
5717,156
6555,156
6753,156
7301,156
7480,156
9657,156
9723,156
9996,156
292,157
1040,157
1175,157
1411,157
1679,157
3072,157
4097,157
4314,157
5152,157
5634,157
6296,157
7139,157
8305,157
9759,157
833,158
1166,158
1343,158
1729,158
1922,158
2596,158
4096,158
4169,158
4365,158
4472,158
4541,158
4896,158
6950,158
6984,158
7471,158
8034,158
700,159
1674,159
2720,159
2762,159
3276,159
3637,159
4173,159
4830,159
5448,159
5850,159
6743,159
7168,159
9842,159
46,160
224,160
227,160
242,160
481,160
1840,160
2036,160
2171,160
3007,160
5509,160
5519,160
5688,160
6515,160
7212,160
7764,160
9843,160
751,161
785,161
1186,161
5644,161
6090,161
6189,161
6576,161
7155,161
7226,161
7546,161
8925,161
9169,161
9273,161
9444,161
9919,161
9960,161
319,162
1263,162
2031,162
2100,162
2238,162
2242,162
2397,162
4118,162
4296,162
5129,162
5147,162
6122,162
6995,162
8015,162
8223,162
9316,162
9480,162
9899,162
690,163
1259,163
1972,163
2358,163
2671,163
2828,163
3211,163
3447,163
3621,163
3915,163
5053,163
5151,163
5530,163
9623,163
9741,163
9950,163
459,164
798,164
1663,164
2186,164
6867,164
8072,164
9168,164
9427,164
215,165
641,165
1163,165
1167,165
1736,165
2428,165
2645,165
3667,165
5250,165
5306,165
5781,165
6574,165
7405,165
7841,165
8139,165
8855,165
8870,165
9171,165
9487,165
9913,165
1301,166
3751,166
4240,166
4456,166
4829,166
6313,166
6623,166
6970,166
6981,166
7466,166
7851,166
7982,166
8368,166
8561,166
8669,166
9554,166
9816,166
892,167
1352,167
1731,167
2410,167
2879,167
3133,167
3137,167
3886,167
4502,167
4586,167
5274,167
7623,167
8566,167
9082,167
9118,167
1190,168
1198,168
2314,168
2402,168
2650,168
2652,168
3049,168
4640,168
5749,168
5846,168
5879,168
6230,168
7148,168
7197,168
7201,168
8014,168
8243,168
8711,168
1000,169
1316,169
1336,169
1398,169
3223,169
3971,169
8179,169
9055,169
9336,169
82,170
722,170
1424,170
1987,170
7374,170
8770,170
3105,171
4124,171
4127,171
5394,171
6274,171
8251,171
9317,171
9890,171
247,172
382,172
1494,172
1756,172
2324,172
4348,172
5167,172
5259,172
5300,172
5800,172
6131,172
7685,172
7867,172
9578,172
9596,172
9669,172
909,173
2805,173
4215,173
5165,173
5786,173
5792,173
5962,173
6281,173
6358,173
6538,173
7345,173
8764,173
920,174
1239,174
1570,174
1945,174
2374,174
3592,174
4166,174
4205,174
4785,174
5058,174
6089,174
6894,174
7210,174
7574,174
9026,174
9619,174
9726,174
213,175
443,175
542,175
1839,175
3092,175
3711,175
7782,175
8106,175
9136,175
9888,175
207,176
2204,176
2913,176
3127,176
3617,176
3950,176
5970,176
6142,176
6512,176
7658,176
7680,176
8231,176
8299,176
8482,176
9184,176
9461,176
1278,177
1852,177
3569,177
4445,177
4982,177
5757,177
7646,177
8053,177
8143,177
8721,177
9269,177
9,178
343,178
607,178
958,178
966,178
1792,178
1824,178
4854,178
4890,178
5689,178
6152,178
6233,178
6348,178
6408,178
6456,178
6771,178
7259,178
7476,178
7605,178
8599,178
9891,178
142,179
449,179
468,179
491,179
727,179
1399,179
5062,179
5206,179
6327,179
6394,179
7637,179
7683,179
7746,179
8883,179
515,180
1335,180
4678,180
5471,180
5862,180
7727,180
8454,180
8857,180
9442,180
1062,181
1265,181
1735,181
2448,181
2765,181
3689,181
3698,181
4724,181
4792,181
5912,181
6703,181
7693,181
7932,181
8343,181
8526,181
8906,181
9226,181
9811,181
9876,181
76,182
1192,182
2103,182
2108,182
2735,182
3285,182
3550,182
3653,182
3792,182
4910,182
6147,182
6656,182
6822,182
2378,183
3790,183
3986,183
6492,183
7188,183
7854,183
8064,183
8608,183
8974,183
9725,183
9740,183
2,184
770,184
1556,184
3939,184
5302,184
5808,184
6840,184
7059,184
7137,184
7240,184
7327,184
9150,184
4882,185
8298,185
8421,185
8506,185
8695,185
9143,185
9420,185
261,186
2483,186
4457,186
4628,186
4663,186
5345,186
6219,186
6690,186
6954,186
8961,186
9413,186
9939,186
18,187
177,187
1019,187
1042,187
1492,187
3467,187
5803,187
6156,187
7060,187
7906,187
8868,187
89,188
613,188
1759,188
1932,188
2243,188
3066,188
3714,188
5654,188
6011,188
7193,188
8063,188
8084,188
1551,189
3779,189
4689,189
5348,189
5847,189
5974,189
6736,189
7030,189
7675,189
7881,189
8592,189
942,190
2005,190
2353,190
3367,190
3888,190
4039,190
7206,190
7916,190
8315,190
9308,190
527,191
575,191
1194,191
2356,191
3822,191
4864,191
5695,191
7376,191
7721,191
7967,191
8739,191
9839,191
445,192
1128,192
2207,192
7017,192
7808,192
8458,192
10019,192
610,193
905,193
995,193
1456,193
1938,193
3316,193
3525,193
4782,193
5359,193
9105,193
9416,193
1311,194
2917,194
3468,194
4581,194
5440,194
8241,194
9450,194
408,195
775,195
1965,195
3677,195
5458,195
7731,195
7752,195
70,196
240,196
912,196
1220,196
3273,196
5015,196
5082,196
5237,196
6027,196
6064,196
6503,196
9429,196
1628,197
1967,197
2783,197
3991,197
5209,197
7089,197
8311,197
9496,197
1453,198
1507,198
2192,198
3131,198
6170,198
6273,198
6359,198
6506,198
6768,198
6992,198
7409,198
9067,198
41,199
147,199
1177,199
1386,199
2009,199
2446,199
3212,199
3583,199
3924,199
3960,199
4223,199
6365,199
7086,199
7519,199
7539,199
7609,199
1516,200
1761,200
2569,200
3409,200
4372,200
4763,200
5446,200
5910,200
6873,200
7760,200
7930,200
7964,200
8026,200
8268,200
8297,200
8741,200
9633,200
9765,200
712,201
736,201
1924,201
2040,201
3315,201
3956,201
4050,201
4539,201
5716,201
5829,201
6387,201
6477,201
6735,201
6761,201
7385,201
7968,201
8559,201
9682,201
414,202
964,202
2857,202
4082,202
4387,202
5204,202
5583,202
6031,202
6980,202
7446,202
7710,202
8155,202
8766,202
8864,202
538,203
1371,203
1677,203
2390,203
4458,203
5101,203
5713,203
6405,203
6633,203
8661,203
8796,203
697,204
837,204
1295,204
1334,204
1416,204
1684,204
2231,204
2476,204
3871,204
4482,204
6448,204
9289,204
62,205
416,205
523,205
2421,205
4441,205
5464,205
6102,205
6705,205
7441,205
8333,205
8970,205
9602,205
409,206
1588,206
3113,206
6354,206
6591,206
7745,206
8533,206
9256,206
437,207
2771,207
3649,207
4795,207
6050,207
6678,207
6745,207
8793,207
256,208
821,208
2594,208
5629,208
6196,208
6733,208
6781,208
7573,208
8954,208
2141,209
3256,209
8951,209
8988,209
9268,209
9949,209
1749,210
2556,210
2803,210
4481,210
4901,210
6482,210
7339,210
7676,210
8402,210
581,211
973,211
1973,211
4178,211
5523,211
6446,211
6603,211
7260,211
7706,211
611,212
872,212
2330,212
2734,212
3632,212
3818,212
4974,212
5404,212
6328,212
7934,212
8524,212
8553,212
8557,212
8875,212
9207,212
886,213
1770,213
2317,213
4115,213
6312,213
7739,213
8486,213
8597,213
9247,213
9830,213
9956,213
1693,214
5347,214
6238,214
6368,214
7272,214
7435,214
8370,214
9507,214
236,215
1765,215
2415,215
2590,215
4592,215
4761,215
5987,215
7011,215
7039,215
8089,215
8750,215
9970,215
95,216
189,216
1838,216
2334,216
2525,216
6179,216
6731,216
7018,216
8013,216
9125,216
9792,216
1298,217
1418,217
2064,217
2190,217
2577,217
6465,217
7053,217
7309,217
7927,217
8746,217
9421,217
9627,217
388,218
1955,218
4327,218
2715,219
4380,219
4693,219
5113,219
5449,219
6443,219
9540,219
1599,220
1911,220
1915,220
2172,220
2620,220
2769,220
3787,220
3857,220
4727,220
5787,220
5885,220
7278,220
9423,220
9953,220
2687,221
3469,221
3546,221
4005,221
6445,221
8320,221
8391,221
1800,222
2573,222
8270,222
8576,222
1260,223
3347,223
3509,223
4159,223
4645,223
4778,223
5814,223
1905,224
3311,224
5622,224
6404,224
6533,224
7488,224
8357,224
9334,224
526,225
619,225
2502,225
2872,225
3218,225
5475,225
6176,225
7457,225
8998,225
9432,225
1330,226
1777,226
4334,226
6852,226
7674,226
7940,226
9390,226
439,227
917,227
1014,227
5489,227
8093,227
9653,227
857,228
2210,228
2625,228
3074,228
5817,228
7611,228
8123,228
8137,228
8757,228
1071,229
1277,229
1344,229
2161,229
3231,229
4047,229
4537,229
7067,229
7634,229
8110,229
8248,229
8799,229
8907,229
9813,229
159,230
676,230
1148,230
2527,230
2615,230
2836,230
3480,230
3921,230
5802,230
7051,230
7103,230
7224,230
7276,230
8666,230
9242,230
910,231
3337,231
6373,231
6913,231
9847,231
1626,232
2223,232
3515,232
5105,232
8253,232
9200,232
9974,232
875,233
1107,233
2069,233
2199,233
3843,233
4843,233
6362,233
6481,233
6677,233
7237,233
9330,233
9587,233
9710,233
1676,234
1978,234
3664,234
3902,234
4424,234
6304,234
7122,234
9353,234
301,235
1223,235
1552,235
2362,235
3957,235
4696,235
5911,235
6419,235
6870,235
7223,235
7879,235
8489,235
8495,235
864,236
1247,236
1290,236
4313,236
6218,236
7957,236
8209,236
3903,237
4235,237
4771,237
5239,237
169,238
550,238
2990,238
3004,238
3428,238
4575,238
7056,238
7901,238
1616,239
1746,239
4558,239
7027,239
7245,239
7537,239
1041,240
1543,240
3734,240
5468,240
9443,240
9678,240
2457,241
3541,241
5214,241
6357,241
7179,241
8584,241
8956,241
9529,241
4,242
435,242
702,242
993,242
1751,242
2539,242
3485,242
7505,242
9342,242
3522,243
4210,243
5755,243
5988,243
7416,243
7834,243
9486,243
4831,244
5979,244
7171,244
7963,244
8982,244
9546,244
9750,244
9894,244
125,245
1187,245
5764,245
5822,245
6688,245
7357,245
7504,245
8237,245
9137,245
9393,245
1338,246
1946,246
3253,246
4099,246
5813,246
8603,246
9558,246
9819,246
810,247
2885,247
3022,247
3815,247
3879,247
7587,247
9586,247
1691,248
6268,248
6982,248
9598,248
9981,248
38,249
395,249
1442,249
5122,249
5712,249
5897,249
6223,249
6583,249
8050,249
9476,249
906,250
1481,250
1881,250
2294,250
3911,250
5291,250
5602,250
7728,250
7971,250
9216,250
521,251
832,251
1387,251
2965,251
3396,251
4629,251
6499,251
6587,251
6811,251
8117,251
2559,252
2889,252
4650,252
5094,252
7157,252
7651,252
8096,252
9562,252
364,253
1209,253
3063,253
5352,253
5436,253
6208,253
1681,254
7112,254
7648,254
7742,254
7770,254
8413,254
8744,254
8785,254
565,255
1156,255
4237,255
7570,255
1886,256
2151,256
3162,256
5482,256
6416,256
6729,256
132,257
1553,257
1837,257
2128,257
2953,257
7538,257
8901,257
9753,257
1150,258
1475,258
4918,258
5873,258
7618,258
9483,258
592,259
1498,259
1672,259
2289,259
5137,259
6889,259
8573,259
9588,259
1384,260
2709,260
5247,260
5662,260
5785,260
7007,260
8136,260
8847,260
9997,260
1535,261
1589,261
5558,261
5943,261
7820,261
8440,261
8908,261
3255,262
5867,262
6134,262
8308,262
9412,262
174,263
3296,263
4841,263
7185,263
9090,263
3551,264
4257,264
5975,264
6615,264
9641,264
109,265
1743,265
3504,265
4358,265
4710,265
6898,265
8967,265
1712,266
3271,266
5246,266
5267,266
5524,266
7363,266
935,267
5541,267
5978,267
6670,267
7045,267
7391,267
7495,267
8938,267
9962,267
1339,268
1544,268
4250,268
5211,268
5396,268
5417,268
5511,268
7108,268
8323,268
8926,268
793,269
3723,269
4790,269
5635,269
6303,269
7380,269
7995,269
9650,269
2718,270
4638,270
4884,270
5196,270
5981,270
6918,270
8601,270
9783,270
107,271
544,271
1995,271
2344,271
3025,271
5180,271
6684,271
5202,272
5965,272
902,273
1889,273
1224,274
2449,274
3336,274
3789,274
7766,274
8387,274
5452,275
7412,275
9230,275
9485,275
9755,275
9936,275
844,276
1646,276
1989,276
4354,276
5679,276
5684,276
6996,276
7355,276
7364,276
9676,276
1202,277
1998,277
2377,277
2801,277
7006,277
7856,277
9787,277
9992,277
10013,277
1189,278
5521,278
7038,278
9388,278
155,279
861,279
2818,279
3505,279
3630,279
5948,279
8769,279
8949,279
9594,279
9908,279
2681,280
3206,280
4494,280
7432,280
8689,280
642,281
2780,281
3382,281
3648,281
4478,281
5899,281
6153,281
6961,281
7373,281
6697,282
7004,282
7333,282
1208,283
1219,283
3016,283
8505,283
9409,283
379,284
8973,284
9062,284
1337,285
1513,285
1692,286
2164,286
8001,286
8249,286
8872,286
2634,287
4160,287
4389,287
6429,287
7213,287
8048,287
1592,288
2335,288
3355,288
5549,288
8527,288
9455,288
406,289
3537,289
3817,289
4809,289
6016,289
9063,289
9649,289
1171,290
2847,290
8734,290
8946,290
2865,291
3604,291
7130,291
7807,291
8565,291
10008,291
5469,292
6066,292
9494,292
551,293
3238,293
4872,293
7427,293
795,294
1382,294
4497,294
5371,294
7534,294
9322,294
2266,295
6325,295
6638,295
8966,295
9089,295
2838,296
9758,296
9921,296
566,297
968,297
1074,297
1843,297
4587,297
4914,297
7823,297
8168,297
368,298
1963,298
2937,298
7430,298
8491,298
9439,298
2021,299
2691,299
4053,299
7253,299
7506,299
1526,300
2595,300
4620,300
6827,300
7298,300
8589,300
8754,300
9405,300
738,301
2854,301
5253,301
7550,301
201,302
280,302
472,302
1404,302
3341,302
4904,302
5283,302
5940,302
8668,302
2315,303
5019,303
2150,304
5149,304
7603,304
8709,304
1390,305
5666,305
5842,305
6243,305
9722,305
1855,306
2629,306
3699,306
4930,306
9170,306
9622,306
587,307
1103,307
8866,307
4437,308
8972,308
1052,309
3768,309
6012,309
6452,309
6517,309
2430,310
3735,310
5878,310
7218,310
9972,310
514,311
1115,311
1362,311
1709,311
3845,311
4687,311
4807,311
5120,311
7133,311
228,312
1488,312
1711,312
5852,312
6833,312
8062,312
8076,312
9163,312
294,313
714,313
5351,313
6258,313
6816,313
8703,313
61,314
84,314
2342,314
3601,314
4061,314
6855,314
8611,314
396,315
4326,315
6272,315
8718,315
1675,316
3353,316
4459,316
5739,316
7478,316
1065,317
4512,317
5230,317
5514,317
7016,317
8056,317
8620,317
9595,317
489,318
649,318
2277,318
3327,318
469,319
1717,319
4873,319
7028,319
7221,319
7323,319
4649,320
5854,320
6135,320
6831,320
8437,320
608,321
5670,321
1950,322
2731,322
2760,322
3176,322
3474,322
304,323
598,323
2480,323
5493,323
6516,323
9597,323
2247,324
2413,324
3400,324
7340,324
9530,324
4594,325
5526,325
8798,325
999,326
948,327
3190,327
3374,327
4669,327
5762,327
7381,327
9079,328
1140,329
3329,329
6814,329
8781,329
9631,329
768,330
6190,330
9525,330
9646,330
1214,331
1358,331
1695,331
2092,331
4332,331
4861,331
7540,331
3935,332
7264,332
8542,332
1956,333
2332,333
2701,334
4631,334
4726,334
8360,334
355,335
5327,335
5354,335
6511,335
9761,335
1030,336
3794,336
4568,336
5275,336
6364,336
7439,336
9571,336
1533,337
4900,337
5043,337
5731,337
8114,337
9096,337
322,338
8975,338
9010,338
9287,338
2850,339
5784,339
6351,339
345,340
4329,340
7070,340
2567,341
1319,342
1829,342
7735,342
8688,342
8865,342
5672,343
5939,343
7014,343
2725,344
2841,344
3859,344
5536,344
7239,344
9543,344
9733,344
359,345
1397,345
2535,345
3397,345
3710,345
647,346
1011,346
1520,346
1835,346
5400,346
5928,346
6079,346
8523,347
9291,347
630,348
4893,348
9747,348
2080,349
2640,349
3490,349
3901,349
5118,349
7341,349
7079,350
741,351
772,351
986,351
2025,351
2400,351
9011,351
1609,352
1686,352
1606,353
1688,353
7410,353
7806,353
1329,354
1696,354
4799,354
5630,354
8379,354
9346,354
9855,354
57,355
1254,355
1619,355
3070,355
3627,355
5588,355
6491,355
4121,356
4563,356
4758,356
7880,356
967,357
2213,357
3112,358
4391,358
5166,358
8375,358
5040,359
6549,359
7454,359
8220,359
9831,359
8348,360
5335,361
5706,361
59,362
216,362
6679,362
9881,362
836,363
3739,363
8680,363
3716,364
8435,364
2360,365
2646,365
3997,365
3497,366
6911,366
8131,366
8154,366
402,367
1482,367
3999,367
9662,367
5870,368
6104,368
7000,368
7874,368
3182,369
3472,369
6398,369
8225,369
23,371
944,371
9744,371
894,372
3873,372
3938,372
6021,373
815,374
1778,374
3369,374
9854,374
4738,375
7335,375
8610,375
2144,376
7592,376
1527,378
2976,378
7174,378
1644,379
4144,379
9858,379
370,380
3625,380
5221,380
7029,380
8309,380
9365,380
1883,381
2090,381
3450,381
5177,381
7999,381
9036,381
8211,382
1857,383
7261,383
9629,383
896,384
3516,384
6065,384
891,385
3250,385
9097,385
2419,386
3547,386
4992,386
8022,386
1157,387
7084,387
284,388
296,388
876,388
2079,388
7803,388
1222,390
1342,390
4346,390
4688,390
9515,390
6247,391
7491,391
5597,392
9569,392
1184,393
7215,393
10018,393
1149,395
7718,395
2098,396
4556,396
4658,396
5026,396
1578,397
3443,397
3918,397
1289,398
5339,398
8000,398
31,399
6019,399
6504,399
8042,399
8326,399
561,400
734,400
3704,400
5424,400
460,401
6667,401
8019,401
8186,401
1101,402
4299,402
5222,402
8236,403
1847,404
5370,404
1788,405
1870,405
8039,405
8641,405
6157,406
8745,406
217,407
7772,407
1758,408
2222,408
8816,408
6764,409
9863,409
1478,410
2515,410
7069,410
9015,410
8618,411
9236,411
13,412
462,412
2492,412
5438,412
7559,413
3114,414
7485,414
2406,415
4554,415
7723,415
694,416
9214,416
5245,417
9431,417
1036,418
1232,418
3053,418
3992,418
1541,419
2271,419
43,420
1722,420
5460,420
6880,420
9399,420
2269,421
7655,421
9094,421
230,423
4838,423
6759,423
4013,424
7106,424
3302,425
7759,425
4561,426
5368,426
9193,426
9707,426
2463,427
4820,427
1470,428
8150,428
6447,429
6588,429
9130,429
318,430
1307,430
1583,430
2153,430
9821,430
2496,431
3360,431
8950,431
9072,432
756,433
1123,434
3027,434
9098,434
3259,435
6505,435
1585,437
4450,437
7361,437
960,438
1137,438
1604,438
8733,438
865,439
6271,440
2375,441
6083,441
8895,441
3142,442
9411,443
1242,444
4204,444
740,445
3309,446
3593,446
3895,446
7604,446
7082,447
2500,448
6098,448
7977,448
8554,448
10009,448
1173,449
3448,449
3828,449
5656,449
6174,449
6723,449
10005,449
1680,450
4929,450
8325,450
8531,450
9701,450
7113,451
1869,452
9107,452
4957,453
6100,453
5503,454
6876,456
4024,457
4152,457
5027,457
5074,457
19,458
1428,458
2217,458
3805,458
1639,459
4691,459
4860,459
2298,461
3866,461
5483,461
3842,462
7356,462
628,463
4245,463
5627,463
6154,464
7712,464
75,465
2084,465
9628,465
2495,466
2638,466
4253,466
6779,466
9174,466
1402,467
4742,467
5298,467
6812,468
8442,468
1807,469
6248,469
709,470
2517,470
6173,470
6862,470
5652,471
2364,472
6344,473
3602,474
4805,474
6058,475
705,476
4105,476
5857,477
7002,477
7669,477
8735,477
9254,477
3010,479
8408,479
567,480
8810,480
4221,481
1168,482
6826,482
7575,482
9639,482
4580,483
6668,484
9156,484
924,485
5590,485
8940,485
5693,486
6029,486
7992,486
5426,487
2420,489
8133,489
9080,489
4493,491
8208,491
1273,492
9770,493
5146,494
2104,495
3532,495
4601,495
8122,495
9998,495
4975,496
5045,496
9085,496
5329,498
7192,498
9277,498
2453,499
1610,500
5463,500
6519,500
5133,501
9957,501
3660,502
9406,502
3988,503
6751,503
7134,503
8183,503
2820,504
5182,504
7665,504
707,505
1436,505
2006,507
4212,507
9516,507
9615,507
4402,508
3715,509
5848,509
2082,510
4808,510
6796,510
1288,511
3846,511
8296,511
2418,512
6395,512
9665,512
8642,513
2827,514
3726,515
3874,515
7793,516
80,517
1935,517
3917,517
7952,517
8986,517
4802,518
4835,520
446,521
2379,521
3975,521
7273,521
9101,521
440,522
3941,522
4009,522
7406,522
1089,523
5388,523
8461,524
8543,525
5018,527
7105,528
9147,528
3483,529
8254,529
1975,530
5135,531
1704,532
7814,533
8586,533
2460,535
8423,535
1974,536
8860,536
285,537
2581,537
8470,537
4642,538
7114,538
8852,538
9704,538
904,539
6885,539
7322,539
8460,539
4006,540
4483,540
1048,542
2660,542
6958,542
4463,543
4668,543
6915,543
597,548
3798,548
947,549
4206,549
10012,549
1067,550
4579,550
5780,551
6217,551
8367,553
4234,554
2658,555
3747,555
8625,556
8804,557
9397,557
9732,557
1146,558
3040,558
6309,558
5659,559
2806,560
8991,560
805,561
7497,561
2974,562
6983,563
7270,563
1854,565
3959,566
7096,567
8817,567
4100,568
4280,568
4772,568
6665,568
858,569
5710,569
7790,569
9699,569
7470,570
3274,571
7751,571
3028,572
9638,572
572,573
226,575
175,576
2738,576
6991,578
7639,578
4145,579
477,580
3123,580
5872,580
7955,582
1243,583
6040,583
2962,585
6175,585
7343,585
7584,585
7889,586
2444,587
8705,587
4162,588
9977,589
7969,590
9116,590
3186,591
5139,591
1367,592
2789,594
7531,594
8069,595
2341,596
3243,597
2424,598
5727,599
431,602
3116,602
4255,603
9928,604
1463,605
1474,605
5980,605
9501,605
4401,606
8028,607
1991,609
5377,609
9560,609
828,610
2004,610
166,611
6244,612
2111,613
4016,613
4636,613
3055,614
6239,614
6467,614
8511,616
1833,617
494,618
2429,619
8964,619
9162,619
6917,620
6959,621
9567,621
2811,623
8263,625
927,626
3757,626
2766,628
848,629
3154,631
357,632
4023,632
3832,633
8818,634
5068,636
3743,637
6807,639
7621,639
8441,639
120,640
2669,641
6434,641
919,643
4277,643
8773,643
6130,644
9812,644
5838,645
9142,645
9222,645
519,646
2564,646
8434,646
5577,649
2616,651
5783,651
181,652
2598,652
3736,652
2536,653
8017,653
8355,653
5017,655
9986,655
3,656
4310,656
5465,657
7783,658
9108,659
9703,659
243,660
3948,660
9718,661
1822,662
4825,662
1305,663
4950,668
5072,670
171,671
5288,671
4467,672
9173,673
3083,674
6393,674
4294,675
801,676
3029,676
7474,676
9608,677
4405,678
8877,678
2878,680
8047,680
4282,682
648,683
5863,683
5299,684
2679,686
4891,686
5144,687
4774,689
5462,690
6586,690
8477,691
2509,692
8240,693
6747,694
9398,694
6776,697
9466,698
1866,699
9849,699
9947,699
4590,700
8180,701
4711,702
5060,702
2601,705
4420,705
1038,707
4670,707
6553,707
2451,709
5242,709
5346,709
8396,709
7942,711
3248,712
5373,712
6618,712
5119,713
4532,714
8369,715
4671,718
5964,718
6039,718
5413,719
4956,721
871,723
3804,723
4421,729
4952,729
3754,730
6237,730
1480,731
9818,732
3046,734
5495,735
12,736
7653,738
7757,740
3446,741
1409,745
2932,745
4156,745
4924,748
2653,755
3009,755
8694,755
6025,756
2719,757
6162,757
2685,758
3279,760
6578,762
6188,763
5215,765
2883,766
9522,766
9057,767
4832,770
9835,773
5692,774
5707,775
6462,775
7566,775
2649,777
9808,781
450,782
5441,785
4388,789
321,791
9499,791
6963,792
7801,794
695,797
8656,797
4709,800
2834,801
6785,808
7949,809
6000,810
8277,810
72,813
2058,813
7657,816
6532,819
8472,819
7388,820
7581,820
4383,824
3777,825
3263,830
3760,833
5281,838
4496,840
2778,841
3778,843
859,845
3629,845
5349,845
3847,846
6916,854
8020,854
2464,858
5402,858
9584,859
8932,865
939,866
5376,867
7798,867
8035,867
1484,869
4675,871
7903,872
4848,873
5153,874
6184,875
5393,880
1405,883
3164,884
3266,886
9940,887
5264,888
6536,890
6964,896
2012,897
2473,901
6836,902
5126,906
6810,906
3484,908
9228,910
6773,914
1745,915
9361,915
5016,922
606,931
3403,931
9826,931
7395,934
5201,936
8532,937
3807,949
5470,955
4676,959
7571,965
1477,967
2951,967
9776,967
5056,968
2887,969
4886,969
5714,969
2287,971
1612,972
6797,976
8802,977
4377,978
9580,979
5844,988
5052,989
7985,992
6115,993
8218,993
4246,995
8623,996
3870,998
9714,999
860,1000
9742,1000
3148,1002
426,1011
1281,1015
9434,1015
3225,1018
5807,1021
6962,1023
8024,1023
8528,1030
7232,1032
8732,1039
3545,1040
5183,1048
8149,1058
6423,1059
6936,1059
9276,1062
5865,1066
901,1067
983,1070
846,1072
9148,1083
1831,1092
653,1093
8917,1095
4973,1097
5860,1109
8428,1111
8287,1112
5392,1113
8215,1127
8636,1127
541,1133
5064,1146
3180,1148
8957,1151
9325,1155
4828,1156
5990,1159
9318,1164
1503,1165
3937,1166
3517,1168
7895,1173
1894,1175
2054,1187
8575,1189
5195,1195
6033,1202
3445,1210
3013,1213
9205,1214
6077,1222
7036,1224
4515,1238
4559,1256
1228,1258
9463,1258
7455,1259
3272,1278
803,1286
6063,1286
3062,1291
5694,1294
9801,1296
5322,1301
7248,1306
1203,1311
4775,1311
5615,1326
8476,1328
4741,1334
6038,1342
3742,1354
757,1355
4635,1357
3831,1358
9382,1359
9293,1362
3128,1364
2345,1368
2938,1375
4060,1376
187,1387
2032,1390
2389,1394
1899,1400
2469,1421
2003,1485
6353,1490
7561,1505
2165,1508
9809,1517
1401,1531
2403,1551
7288,1580
8979,1586
7490,1600
6285,1602
6497,1612
7784,1617
3623,1625
6276,1644
4429,1682
9022,1692
9539,1695
8879,1727
3394,1772
2775,1774
9852,1801
9687,1819
7865,1821
9391,1821
4149,1831
4019,1841
1652,1853
6752,1881
626,1888
1977,1907
9448,1924
4410,1956
3624,1981
7403,2027
3503,2133
6558,2133
6550,2150
6118,2232
5742,2303
1920,2328
997,2371
5114,2659
3150,2686
5572,2694
2982,2803
9620,2912
847,2920
1748,3193
548,3212
2177,4227
8619,4689
